"Time"	G4	G3	G14	G13	G1	G12	G0	G11	G10	G8	G7	G6	G5

0	0.1329650	0.0199478	0.0717017	0.5039618	0.0882634	0.7401505	0.6863510	0.1650085	0.3992495	0.2635863	0.3902670	0.5785696	0.1101332
50	0.0606530	0.0324979	0.0656708	0.4768240	0.0852140	0.7317484	0.7092114	0.2333910	0.3704238	0.2065299	0.3185290	0.6375826	0.1747359
100	0.0460979	0.0384874	0.0666026	0.3892137	0.1000153	0.6754688	0.9056250	0.1654512	0.4253738	0.2547941	0.3704934	0.6211298	0.1371531
150	0.0661970	0.0444557	0.0721424	0.4464311	0.1208590	0.6260553	0.8976183	0.1697105	0.5715894	0.1881444	0.2248163	0.4449744	0.2008869
200	0.1042461	0.0387565	0.0691167	0.4309261	0.0980661	0.6783272	0.7580215	0.1577929	0.3581551	0.2380055	0.3565729	0.5178266	0.1607943
250	0.0580208	0.0388946	0.0782620	0.4802465	0.1435830	0.6333731	0.8252845	0.0973514	0.4992458	0.1511480	0.3488622	0.4993968	0.1652819
300	0.1042595	0.0359286	0.0888340	0.5794255	0.0974604	0.6529899	0.6808936	0.1233868	0.4744743	0.2201444	0.3111416	0.5871151	0.1459771
350	0.1044141	0.0416810	0.0439912	0.5426092	0.0912689	0.8531749	0.9061677	0.1918456	0.5099131	0.1631734	0.2808391	0.7161905	0.1872553
400	0.1327955	0.0302461	0.1035072	0.5289572	0.1323901	0.6621545	0.6979939	0.1709679	0.4076040	0.2139584	0.2753083	0.6182533	0.0822266
450	0.1553004	0.0255123	0.0514556	0.5687996	0.0777897	0.5755949	0.8040956	0.1929602	0.5122097	0.2652348	0.3772800	0.6728604	0.1085425
500	0.0760067	0.0428434	0.0689934	0.6338699	0.1012387	0.7723265	0.7616287	0.1908770	0.5798998	0.1791215	0.3771936	0.5409102	0.1762690
550	0.0955376	0.0562370	0.0762602	0.4538533	0.0931675	0.6943870	0.6832119	0.1937198	0.4123831	0.2077540	0.5503039	0.5208627	0.1033760
600	0.1072666	0.0410692	0.0750803	0.4022773	0.0818006	0.6072644	0.8394367	0.1581897	0.5254939	0.1672764	0.4944226	0.4764058	0.1192472
650	0.0605705	0.0236227	0.0655944	0.4035517	0.1174898	0.8592997	0.8237147	0.1497863	0.5617738	0.1974966	0.4323886	0.5698789	0.1090598
700	0.0602926	0.0263010	0.1033088	0.4238815	0.0625315	0.7433013	0.7096740	0.1423411	0.4446951	0.1139325	0.3691657	0.6083604	0.1340368
750	0.1040279	0.0119816	0.0627849	0.4149746	0.0865137	0.7238208	0.8730478	0.1335572	0.4302800	0.1929099	0.3160637	0.5373270	0.1245207
800	0.0561283	0.0321160	0.0612688	0.4882947	0.0945350	0.7359893	0.8034756	0.1509908	0.4538148	0.2358096	0.3598578	0.5788794	0.1152580
850	0.0766683	0.0402152	0.1136243	0.4021369	0.0947119	0.7935820	0.7171263	0.1226636	0.4389626	0.2280846	0.4161029	0.4917441	0.1263139
900	0.0819367	0.0368346	0.0739555	0.5182313	0.1096377	0.7782164	0.8195680	0.1449565	0.4720436	0.2208244	0.3827877	0.5817062	0.1349005
950	0.0768696	0.0710496	0.0986310	0.4564959	0.1365685	0.5577002	0.7608860	0.2027261	0.5080252	0.1892758	0.4020221	0.4598088	0.2256959
1000	0.0513384	0.0464060	0.0775816	0.5434471	0.0592884	0.8299038	0.7550579	0.2062938	0.5181515	0.2819353	0.3080837	0.4696145	0.1442942

0	0.0683269	0.0224264	0.0955926	0.4751890	0.0930268	0.5858104	0.7477493	0.1728585	0.4476193	0.1886957	0.5312682	0.5627110	0.1351945
50	0.0262389	0.0624232	0.0023192	0.4677982	0.0815242	0.5703746	0.7800821	0.1431659	0.5625810	0.1366120	0.1144953	0.5974998	0.1958946
100	0.0169515	0.0448721	0.0001028	0.5289493	0.0764190	0.7185111	0.9119921	0.0893058	0.4284590	0.1981002	0.0267190	0.5533034	0.2133996
150	0.0281873	0.0206625	0.0004143	0.3956998	0.1352009	0.7451359	0.8787832	0.1414232	0.2658328	0.1206733	0.0153805	0.5991799	0.0899795
200	0.0372087	0.0520765	0.0000002	0.5622336	0.1065058	0.7293010	0.9327623	0.1110399	0.2395683	0.0686929	0.0069219	0.5393090	0.1014946
250	0.0919174	0.0585889	0.0009823	0.4881574	0.0880617	0.7957779	0.8583224	0.0602164	0.1627013	0.0534050	0.0267287	0.4564844	0.1580285
300	0.0775671	0.0238250	0.0013951	0.5364306	0.0826453	0.5626187	0.7640884	0.0721927	0.1292713	0.0596666	0.0227866	0.5539249	0.1136359
350	0.1073762	0.0483116	0.0000012	0.5285578	0.0921284	0.6864979	0.7072256	0.0906488	0.1317650	0.1078276	0.0287155	0.7086273	0.1375659
400	0.1455895	0.0415331	0.0001894	0.6184493	0.1242704	0.7883401	0.8324440	0.0910677	0.1131604	0.1070261	0.0253982	0.6696304	0.1260351
450	0.0708400	0.0561187	0.0005140	0.6312112	0.1136813	0.6643083	0.7057214	0.1878893	0.0699977	0.1476361	0.0068051	0.7385610	0.1043391
500	0.0587822	0.0754375	0.0000930	0.4894609	0.0667346	0.5954122	0.8322912	0.1417021	0.1323179	0.1157336	0.0138009	0.6853699	0.0893832
550	0.1367768	0.0496845	0.0758695	0.7263175	0.1057505	0.5463187	0.8977342	0.1090544	0.2388988	0.2209708	0.2900660	0.4354511	0.1260452
600	0.0693966	0.0454814	0.1138015	0.5395536	0.1183115	0.6907240	0.5661350	0.1358706	0.3167902	0.2513614	0.3704002	0.5186112	0.1660311
650	0.0907366	0.0651867	0.0672209	0.4923170	0.0888615	0.6805831	0.8480605	0.1277457	0.3932164	0.1692941	0.3854463	0.4508966	0.1367568
700	0.0587728	0.0456621	0.0744009	0.4154244	0.1464326	0.7943405	0.7312700	0.2092693	0.3277355	0.2476039	0.2690970	0.4678351	0.1645742
750	0.0541123	0.0358078	0.1043688	0.4608800	0.1305310	0.7993606	0.8090764	0.1103587	0.4063856	0.1926979	0.3039736	0.5493459	0.1306413
800	0.0675853	0.0384685	0.0398437	0.4631403	0.0592938	0.7036648	0.7404853	0.1727306	0.4401485	0.2313685	0.4216443	0.4294980	0.1810959
850	0.0657754	0.0386394	0.0740816	0.4364156	0.0667578	0.7355374	0.7498225	0.1889926	0.3795002	0.2455024	0.4785122	0.5628701	0.1679349
900	0.0634159	0.0584573	0.0593270	0.4513574	0.0992176	0.8247420	0.7243890	0.1701814	0.4255135	0.2932344	0.2953085	0.5781966	0.1395863
950	0.0889621	0.0460859	0.1121175	0.4701198	0.0524234	0.6012799	0.7473749	0.1333257	0.4642327	0.3045238	0.3622111	0.6364973	0.1639878
1000	0.0533396	0.0389570	0.0844805	0.5062934	0.0992004	0.7199288	0.7154784	0.1490564	0.4795848	0.1540954	0.4039969	0.5691826	0.1273546

0	0.0469837	0.0220338	0.1304183	0.5072100	0.1361876	0.6811409	0.7085091	0.2075898	0.3955206	0.1971595	0.3948684	0.5485417	0.1643762
50	0.1027915	0.2144853	0.1017058	0.2108649	0.0371224	0.6181221	0.6554957	0.1640331	0.5462532	0.2232046	0.0702041	0.6005031	0.0419192
100	0.0805056	0.2072925	0.0951180	0.0607008	0.0110056	0.7986281	0.7844348	0.1843194	0.5516792	0.2021007	0.0705605	0.3949218	0.0186791
150	0.0557593	0.3131284	0.0616939	0.0554062	0.0096556	0.7396357	0.8601023	0.1851239	0.6004395	0.2229718	0.0305388	0.3767419	0.0084663
200	0.0639390	0.3111484	0.0634825	0.0120416	0.0042846	0.8513325	0.8255170	0.2247868	0.6579504	0.1767237	0.0167572	0.4332330	0.0166728
250	0.0585575	0.2815180	0.0680283	0.0075643	0.0003008	0.6197635	0.7142701	0.1555123	0.5498841	0.1854905	0.0418902	0.4140672	0.0148839
300	0.0502557	0.3076718	0.0882364	0.0010018	0.0009570	0.6888232	0.7611678	0.1675868	0.6881655	0.2361332	0.0207561	0.4825396	0.0393036
350	0.0787853	0.3441680	0.0395577	0.0012460	0.0008901	0.7742785	0.8867440	0.1949113	0.6475594	0.2276237	0.0219451	0.4016951	0.0357596
400	0.0731754	0.2659188	0.0813239	0.0003045	0.0048633	0.7169920	0.7361742	0.1804215	0.6142904	0.1945868	0.0270978	0.3736857	0.0443997
450	0.1183691	0.3287830	0.0588556	0.0000561	0.0016581	0.5665058	0.7812767	0.1964424	0.5327913	0.2751415	0.0146736	0.4752928	0.0249221
500	0.0924869	0.2814100	0.0646027	0.0006259	0.0005730	0.6321416	0.7173404	0.1215492	0.6780008	0.1841832	0.0322675	0.3552856	0.0163948
550	0.0593844	0.0871486	0.0741060	0.4411220	0.0752349	0.7177324	0.8030933	0.1433590	0.5529620	0.2472906	0.2835961	0.4517194	0.1853965
600	0.0811683	0.0781626	0.0673408	0.4507416	0.0367051	0.7129596	0.7590342	0.1020709	0.3913504	0.1710442	0.3003144	0.3977801	0.2439169
650	0.0974222	0.0503875	0.0768366	0.4614880	0.0602464	0.7164748	0.7956245	0.1437864	0.4367981	0.1590935	0.2953947	0.4409468	0.1519884
700	0.0667013	0.0308731	0.0777898	0.4759604	0.0835879	0.8253380	0.7742137	0.1541117	0.5655187	0.1862727	0.3224314	0.4833539	0.1545405
750	0.0610233	0.0552273	0.0646231	0.4625665	0.0835966	0.6826209	0.6348877	0.1766483	0.5583127	0.1410767	0.2398054	0.4806514	0.1258400
800	0.1003954	0.0473701	0.1106111	0.5058232	0.1097585	0.7381065	0.8144040	0.1652131	0.4359774	0.1478664	0.3941703	0.4461499	0.1035379
850	0.1020642	0.0344838	0.0730781	0.3868164	0.0994034	0.7087155	0.7429820	0.1072311	0.3456616	0.1433380	0.3192607	0.4744711	0.1391599
900	0.0657816	0.0493725	0.1332398	0.4282038	0.0524973	0.6489736	0.8117865	0.1209527	0.3643989	0.1874480	0.3518641	0.5205897	0.1306673
950	0.0414521	0.0328947	0.0936807	0.5943281	0.0850427	0.7362469	0.8137394	0.1512311	0.3900401	0.2205651	0.4139180	0.4749209	0.1238549
1000	0.0616661	0.0329297	0.1266844	0.5366157	0.0670823	0.7623304	0.9314044	0.1822691	0.3723458	0.2643223	0.3576863	0.5105541	0.1910845

0	0.1470240	0.0245363	0.0824936	0.4388988	0.0831764	0.6924233	0.7225149	0.1508498	0.4872654	0.1493212	0.4079867	0.6611364	0.1530752
50	0.0473266	0.0300569	0.0006066	0.2913941	0.0366358	0.7417563	0.5953883	0.1518939	0.3889865	0.1881995	0.1268702	0.5175651	0.1381494
100	0.0703716	0.0322214	0.0000000	0.3000850	0.0311222	0.6611912	0.4836929	0.1549671	0.3742233	0.0941885	0.0471053	0.4454945	0.1573485
150	0.0853896	0.0859932	0.0006691	0.2486205	0.0433988	0.6485250	0.4551145	0.2268335	0.2403913	0.1446338	0.0656121	0.4843240	0.1623876
200	0.1748136	0.0351709	0.0000000	0.2324909	0.0309414	0.5585080	0.5582744	0.1439401	0.2767303	0.1817177	0.0577135	0.4022024	0.2786434
250	0.2268196	0.0159175	0.0004031	0.2950842	0.0469487	0.7334933	0.4787350	0.0830774	0.2503171	0.1000570	0.0978012	0.3755585	0.1357570
300	0.2921369	0.0236955	0.0002015	0.2784853	0.0799016	0.6671772	0.4451940	0.1183077	0.2329468	0.2121156	0.0934439	0.3234585	0.0753296
350	0.3155527	0.0248948	0.0002962	0.4959462	0.0823625	0.5547839	0.4921153	0.0687903	0.1977577	0.2230276	0.0761878	0.4028554	0.0666571
400	0.1716736	0.0235351	0.0050203	0.3251444	0.0745750	0.6075587	0.3551770	0.1510230	0.2492330	0.2441145	0.0867049	0.2533011	0.0675191
450	0.1568044	0.0355855	0.0001582	0.3707107	0.1060262	0.5896106	0.4852870	0.1580375	0.3335162	0.2462106	0.1541173	0.4321783	0.0675835
500	0.1186245	0.0331172	0.0003971	0.3692215	0.1428970	0.5898195	0.5501607	0.1384290	0.4447698	0.1709149	0.0442689	0.2865454	0.0947357
550	0.1172759	0.0635495	0.0748551	0.5145107	0.1610650	0.5383916	0.5290024	0.2493512	0.5527789	0.2963797	0.3635071	0.3658352	0.1223400
600	0.0930761	0.0306544	0.0856283	0.5987069	0.1705491	0.7679729	0.8236229	0.1559526	0.5828604	0.2081054	0.4037431	0.5310026	0.0944403
650	0.1047138	0.0383696	0.0966124	0.4514027	0.1205596	0.6563653	0.7829759	0.1267269	0.6575878	0.2424135	0.3915743	0.3848100	0.1522873
700	0.0858522	0.0361884	0.0740625	0.5928730	0.1451809	0.6612786	0.8201979	0.2767955	0.5802456	0.1257950	0.3502941	0.4181655	0.1248521
750	0.0460759	0.0463917	0.0855116	0.5404188	0.0889822	0.5754048	0.7769853	0.1486370	0.6215048	0.2914923	0.3062609	0.5288587	0.2418332
800	0.0423322	0.0413590	0.1086295	0.6350411	0.0635439	0.6689350	0.7467674	0.1631493	0.5844339	0.3231269	0.3461123	0.5419203	0.1617309
850	0.0426277	0.0260627	0.0680726	0.5063341	0.0963405	0.6406834	0.8404808	0.1731426	0.5815633	0.2285751	0.3988097	0.4468910	0.1376515
900	0.0699537	0.0297709	0.1158709	0.6017643	0.0852751	0.7568275	0.7727725	0.1101300	0.6867492	0.2292353	0.3138716	0.4072808	0.1935571
950	0.0335158	0.0632958	0.0565330	0.5595229	0.0565224	0.6857684	0.8316544	0.1680536	0.6291112	0.2249683	0.3607346	0.5123680	0.1974630
1000	0.0444177	0.0462692	0.0845917	0.5010151	0.1260682	0.7090492	0.7139302	0.1857124	0.5721276	0.1617157	0.3410960	0.5020745	0.1373898

0	0.0927701	0.0198131	0.0668872	0.5041909	0.1080251	0.7613536	0.6809136	0.1526505	0.3829818	0.1694379	0.3908477	0.4710920	0.1463265
50	0.0398637	0.0771853	0.0735853	0.5253428	0.0824141	0.8587215	0.7060757	0.0676486	0.6028616	0.1924933	0.3482071	0.5185075	0.1037578
100	0.0193692	0.0440020	0.1068994	0.4674545	0.1114960	0.8414899	0.7568732	0.0521471	0.3023070	0.1306948	0.3161625	0.4825898	0.1381924
150	0.0066859	0.0526409	0.0819982	0.5537544	0.1413278	0.6492293	0.8325459	0.0322320	0.2237145	0.1557975	0.3720160	0.5020156	0.1619828
200	0.0047824	0.0699487	0.0491017	0.5077895	0.0647670	0.7150420	0.8871986	0.0567409	0.3152206	0.1928753	0.4294676	0.5526463	0.1481201
250	0.0007590	0.0474641	0.1550685	0.4719543	0.0693580	0.7347123	0.8825030	0.0742521	0.2796680	0.2153873	0.3458885	0.6869309	0.1263497
300	0.0020502	0.0318709	0.0973594	0.5432137	0.0871099	0.7743585	0.7804863	0.0811408	0.2610913	0.1786795	0.2230874	0.6044272	0.1351562
350	0.0057128	0.0227932	0.0492238	0.5268513	0.0903748	0.7399925	0.7609663	0.0517195	0.2247241	0.1299603	0.2253226	0.5729134	0.1409635
400	0.0000000	0.0288034	0.1094132	0.3900882	0.1132257	0.7602654	0.7339295	0.1042462	0.2957864	0.1863282	0.2484491	0.5432918	0.2594195
450	0.0099137	0.0244608	0.0858642	0.6475601	0.1182974	0.7182998	0.6870136	0.0899270	0.3510094	0.1787816	0.3491480	0.5929054	0.1373085
500	0.0092335	0.0476070	0.0741569	0.4587990	0.1038230	0.7535817	0.7468567	0.0573080	0.4143503	0.1879436	0.3743420	0.3672746	0.1158422
550	0.0223849	0.0295073	0.0600214	0.4411830	0.1164588	0.5711370	0.8774186	0.1502521	0.3328419	0.1896629	0.3274821	0.5381797	0.1831430
600	0.0837503	0.0165273	0.1067614	0.5477679	0.1607274	0.7282757	0.6747141	0.2165017	0.3863765	0.2060140	0.2671124	0.4461087	0.1116382
650	0.0674295	0.0412311	0.0862912	0.5667588	0.0450618	0.6307560	0.7603366	0.1673963	0.4697944	0.1776840	0.3682735	0.5739502	0.1460229
700	0.0791667	0.0354447	0.0656472	0.5157761	0.0934395	0.7502740	0.7092559	0.1680682	0.4677612	0.2502309	0.3647198	0.5914655	0.1745946
750	0.0677493	0.0175445	0.0693543	0.4179995	0.0883828	0.7784056	0.7713007	0.2055399	0.5213706	0.1980678	0.3309771	0.6079946	0.1315988
800	0.0503333	0.0135567	0.0541237	0.5645450	0.0706909	0.7632336	0.8709956	0.2421510	0.4735855	0.1881384	0.2814372	0.5328241	0.1159378
850	0.0562475	0.0628501	0.0587163	0.4298112	0.0494043	0.6470492	0.8358815	0.1353806	0.3287829	0.2255167	0.2737081	0.5765473	0.1328881
900	0.0735850	0.0472227	0.0914958	0.6075676	0.0751938	0.7056754	0.6985343	0.2007868	0.4545288	0.2113643	0.2805878	0.6083165	0.1609356
950	0.0612647	0.0583722	0.0836217	0.4398355	0.1109000	0.7765197	0.7271755	0.2415213	0.6672368	0.2130159	0.3812255	0.4727011	0.0978215
1000	0.0821582	0.0504116	0.0822201	0.4729447	0.0846570	0.6059516	0.8941230	0.1947444	0.6155497	0.1762515	0.3903641	0.3724935	0.1375701

0	0.0627383	0.0306449	0.1020463	0.4403518	0.0800082	0.7282841	0.8063917	0.1657738	0.5302864	0.1809112	0.3110343	0.5592380	0.1574186
50	0.0861608	0.0219869	0.0794414	0.2898188	0.0997141	0.7038991	0.7227885	0.0905322	0.5580199	0.2085712	0.4370265	0.5152287	0.1275408
100	0.0807489	0.0442232	0.1160974	0.1563181	0.0764178	0.7771651	0.7696905	0.1036554	0.4954723	0.2881126	0.2801265	0.5193912	0.1654582
150	0.1428008	0.0493235	0.1151074	0.1911741	0.0990139	0.7916093	0.7988671	0.1630667	0.5623721	0.1983608	0.3654578	0.5038713	0.1917429
200	0.1172631	0.0294566	0.0399773	0.1874786	0.0703653	0.6238289	0.7587720	0.1140975	0.5234297	0.2850403	0.4059502	0.5161362	0.1429880
250	0.0689972	0.0232338	0.0556886	0.1495682	0.0771440	0.8047198	0.8696807	0.1879877	0.4318660	0.2106756	0.3798969	0.5522465	0.1195605
300	0.0638217	0.0175323	0.0636579	0.1431314	0.1625139	0.7420916	0.7961332	0.1352891	0.3902728	0.2696471	0.3836602	0.4099624	0.1243624
350	0.0961940	0.0282407	0.0928132	0.1142100	0.0813039	0.6454839	0.7616630	0.1401943	0.5138234	0.2378302	0.4155450	0.5698416	0.1585319
400	0.0538144	0.0482154	0.0719126	0.1264543	0.1027819	0.7246159	0.6921074	0.1093883	0.4972227	0.1792162	0.3434612	0.5711235	0.2226930
450	0.0918154	0.0417103	0.1136509	0.1672935	0.1006376	0.6562121	0.7328796	0.0928396	0.3796112	0.2025000	0.4117510	0.5900413	0.0757224
500	0.0623551	0.0693606	0.0650994	0.1076415	0.0973385	0.6923544	0.7531015	0.1114866	0.4470783	0.1807121	0.4080545	0.5199994	0.1309698
550	0.1168541	0.0412769	0.0778620	0.4111529	0.0541679	0.7461767	0.9146519	0.1464549	0.4170147	0.2012211	0.3408240	0.4857746	0.2014067
600	0.0933407	0.0717151	0.0703311	0.5145540	0.1440944	0.6957789	0.7558812	0.2215633	0.5626151	0.1474326	0.4081766	0.7266499	0.1439415
650	0.1019419	0.0368657	0.0941074	0.4696215	0.1608768	0.8342276	0.7542463	0.2015497	0.3923288	0.2204475	0.3436730	0.4887430	0.1625394
700	0.0523866	0.0230659	0.1500193	0.5340267	0.0984610	0.7235804	0.7087490	0.1417417	0.6191868	0.2286333	0.2775140	0.4796517	0.1531374
750	0.1048493	0.0283970	0.0621492	0.4247151	0.1346555	0.6775547	0.7661876	0.1458232	0.4384194	0.2151245	0.3262735	0.4465775	0.1174391
800	0.0714028	0.0533091	0.1047877	0.3655837	0.0880765	0.6830106	0.9149133	0.1625679	0.5938465	0.2123369	0.2908410	0.5188096	0.1361427
850	0.0715187	0.0464748	0.0771659	0.4200086	0.0908279	0.6485510	0.8057951	0.2117919	0.6267856	0.2025846	0.3153654	0.4988021	0.1281970
900	0.0531526	0.0364918	0.1348366	0.5203474	0.0663023	0.9554923	0.9377029	0.1783979	0.5581048	0.2078791	0.3784917	0.5078088	0.1953852
950	0.0922918	0.0129448	0.0768589	0.5526257	0.0583074	0.6893050	0.8515326	0.1806513	0.4937331	0.1873098	0.3408506	0.5253018	0.1499327
1000	0.0386148	0.0369607	0.0717188	0.4981961	0.0634977	0.6597087	0.8888581	0.1455434	0.6468641	0.1494448	0.2986536	0.3913787	0.1288317

0	0.0719335	0.0288065	0.0721998	0.4414723	0.1016246	0.7529123	0.7988618	0.1375887	0.3840410	0.2348880	0.4271288	0.6182368	0.1123523
50	0.0585549	0.0426729	0.0813079	0.2129451	0.0735555	0.7229066	0.7434748	0.2471505	0.4421786	0.1924051	0.3189238	0.6499981	0.1271030
100	0.0775970	0.0310974	0.0850888	0.1009284	0.0997533	0.7637588	0.6886090	0.1297471	0.4729518	0.2232776	0.3542769	0.8106926	0.1103452
150	0.0645093	0.0389093	0.0576473	0.1894039	0.0574572	0.7606839	0.7042435	0.1926808	0.5160470	0.1675953	0.2501913	0.8504959	0.0886276
200	0.0723925	0.0867314	0.1045258	0.1224397	0.0850499	0.6680719	0.6512192	0.1503063	0.3868777	0.1797343	0.3476853	0.9572715	0.1223196
250	0.0701275	0.0323883	0.0634174	0.0794833	0.0939532	0.7652310	0.6779511	0.1905750	0.3965715	0.1645351	0.4084677	0.7431292	0.1095674
300	0.0421864	0.0503823	0.0728797	0.1128203	0.1450711	0.6293732	0.8672616	0.2647341	0.4273882	0.1854746	0.4164817	0.7530161	0.1078143
350	0.0568708	0.0454818	0.1030983	0.1782150	0.0861895	0.6178119	0.7460040	0.1469722	0.4025373	0.2342120	0.3164295	0.8384582	0.0735197
400	0.0506044	0.0420177	0.1316348	0.1363555	0.0850814	0.6387914	0.6565138	0.1870478	0.5489829	0.1918044	0.3209051	0.7440657	0.0741058
450	0.0621963	0.0338246	0.1024905	0.0825537	0.0579419	0.6211703	0.8412088	0.2142425	0.4707966	0.2509557	0.3167925	0.7457945	0.0730568
500	0.0489887	0.0281801	0.0811158	0.1275070	0.1165061	0.6481003	0.7458997	0.2625361	0.6108574	0.2405704	0.3271166	0.7858566	0.1188756
550	0.0437322	0.0293724	0.0802666	0.3944773	0.0678358	0.6493988	0.7994254	0.1323202	0.5220473	0.2248271	0.2979581	0.6182004	0.0830258
600	0.0941976	0.0399427	0.0673555	0.5980098	0.1262076	0.8775045	0.7740999	0.1610890	0.5145873	0.2736231	0.3090623	0.5869706	0.1085319
650	0.0802969	0.0686912	0.0650378	0.4062265	0.0906236	0.6429722	0.7588202	0.1928023	0.5294945	0.2069161	0.2931145	0.4286742	0.0948827
700	0.0487303	0.0432561	0.1021425	0.5090757	0.1034899	0.6040261	0.7070833	0.1248765	0.5243661	0.1579308	0.3274510	0.3966880	0.1847329
750	0.0643046	0.0406487	0.0951327	0.5638669	0.0771172	0.6822578	0.5731741	0.1832727	0.4525135	0.1324598	0.4562064	0.5296699	0.1215004
800	0.0710964	0.0398366	0.0741341	0.6452963	0.0607077	0.6043398	0.8989281	0.1964358	0.4275009	0.2089649	0.3844680	0.4936661	0.1730326
850	0.0731274	0.0676873	0.0681010	0.5030783	0.0680824	0.6066333	0.7977112	0.2087591	0.4436112	0.3064475	0.3690355	0.6053068	0.1467910
900	0.0683037	0.0498418	0.1286735	0.4390927	0.1258146	0.8326125	0.9617943	0.1626074	0.4971040	0.1966030	0.3533401	0.5402886	0.2355245
950	0.0587767	0.0362072	0.0866245	0.5978130	0.0741837	0.7207399	0.7733975	0.1574453	0.5447093	0.1545266	0.4142296	0.5330103	0.1667701
1000	0.1307464	0.0297694	0.0946372	0.5031336	0.0574592	0.7762262	0.7692854	0.1412996	0.6221966	0.1497153	0.3508687	0.5358543	0.1745616

0	0.0921915	0.0187838	0.0985011	0.4596466	0.0967583	0.7067261	0.7978719	0.1491436	0.4016367	0.1834891	0.3552268	0.6420073	0.1460494
50	0.0895373	0.3317562	0.0522815	0.5427003	0.0471123	0.7258683	0.9370485	0.1804434	0.5758450	0.1603866	0.4314191	0.5940371	0.1781091
100	0.0540578	0.4913386	0.0430576	0.4983991	0.0333784	0.7396965	0.7918474	0.1658263	0.7736624	0.2343451	0.4102836	0.6542890	0.2575147
150	0.0398191	0.4911801	0.0364702	0.5081687	0.0073622	0.7602404	0.6300807	0.1626081	0.7796364	0.1956718	0.3348402	0.4723103	0.1539696
200	0.0683593	0.5021358	0.0768576	0.3581020	0.0291200	0.8048548	0.7822138	0.2330032	0.6507324	0.2167754	0.2756236	0.5587322	0.1225659
250	0.1272301	0.4602191	0.0458525	0.3614637	0.0075930	0.9488467	0.6657065	0.1474850	0.7739609	0.1268252	0.3133109	0.5183490	0.1137237
300	0.1124576	0.5347103	0.1205536	0.4266799	0.0087169	0.8258568	0.7557101	0.1515696	0.7404931	0.1142187	0.2927800	0.5713072	0.1501480
350	0.0610736	0.4512704	0.0978096	0.3744926	0.0247192	0.7395666	0.7405234	0.1620968	0.5913401	0.1772977	0.3718925	0.4718960	0.1705635
400	0.0779550	0.4899531	0.1037947	0.4767396	0.0076608	0.8079577	0.8971762	0.1812471	0.5777351	0.2390566	0.4087092	0.6458771	0.1204676
450	0.0653294	0.5334368	0.0505203	0.4619659	0.0277560	0.8110215	0.8329836	0.1174313	0.6183172	0.2535963	0.3462265	0.5836003	0.1249049
500	0.1044593	0.5591347	0.0675535	0.5475060	0.0199616	0.7823445	0.8651874	0.1845955	0.5205500	0.1941792	0.3365460	0.6175696	0.1385345
550	0.0548161	0.1754673	0.1013278	0.4726623	0.0749911	0.7895568	0.9372643	0.1082910	0.3960979	0.1775478	0.2898143	0.5074026	0.1324254
600	0.1413240	0.0975442	0.1063475	0.4915587	0.0565152	0.6146284	0.6829171	0.1228491	0.3140636	0.1662731	0.3820796	0.7265902	0.1649552
650	0.0963904	0.0798058	0.0850220	0.5142467	0.1001987	0.6183838	0.7882630	0.1327318	0.2624716	0.1645934	0.3467669	0.6004844	0.1586386
700	0.1147731	0.0431699	0.0884652	0.5420544	0.1430538	0.6506915	0.7808292	0.1671432	0.3483339	0.1985811	0.2801868	0.5823284	0.1189768
750	0.0887992	0.0382978	0.0993477	0.6575181	0.0897444	0.6898162	0.7758957	0.1826657	0.4801720	0.2018714	0.2785020	0.5965810	0.1164147
800	0.0880558	0.0415714	0.0473962	0.4339520	0.0565103	0.5729986	0.8924438	0.1323057	0.4524747	0.2770279	0.3144649	0.4979362	0.1570257
850	0.0572518	0.0430242	0.0896507	0.5441296	0.0681626	0.7029706	0.8122758	0.2118855	0.3654310	0.1854000	0.2714220	0.5424802	0.1454781
900	0.0959530	0.0844490	0.0675392	0.5664587	0.0920962	0.6130651	0.7808066	0.2150376	0.5045552	0.2420881	0.3304450	0.5563112	0.1312652
950	0.0433444	0.0204307	0.0734836	0.5208818	0.1244013	0.7755971	0.8275391	0.1969847	0.5627055	0.1867443	0.3801963	0.4889844	0.1503247
1000	0.0697194	0.0184312	0.0597555	0.6119699	0.0941434	0.6858252	0.8307696	0.1956463	0.5635016	0.2393608	0.3361617	0.4907098	0.1470423

0	0.0693319	0.0328888	0.0637833	0.4550493	0.1102236	0.7308563	0.5716053	0.1917969	0.4234638	0.1491414	0.3218163	0.5505507	0.1837881
50	0.0555234	0.3212848	0.1080610	0.5198026	0.1476205	0.7494650	0.7218516	0.1597696	0.4288129	0.1668070	0.3971488	0.5099580	0.1831401
100	0.1153481	0.4368095	0.1340378	0.4828439	0.1032951	0.5802277	0.6384177	0.1112293	0.4841836	0.2482039	0.3056024	0.5671497	0.1864982
150	0.1409597	0.3609917	0.0999089	0.5736237	0.1055622	0.6103282	0.4794063	0.1368442	0.4286047	0.2442996	0.2718321	0.4511096	0.1883728
200	0.0898017	0.3990550	0.1076628	0.4741740	0.1309896	0.8076513	0.7094238	0.1882845	0.5677734	0.2114924	0.4212988	0.5414879	0.1300872
250	0.1076086	0.5145370	0.0860534	0.4807899	0.1078719	0.7427543	0.5777660	0.1175401	0.3149031	0.1849966	0.3199425	0.6317667	0.1099483
300	0.0702114	0.3816000	0.0552098	0.5804792	0.1060694	0.8301698	0.5204716	0.1344139	0.2827730	0.2079587	0.3798092	0.4588015	0.1217517
350	0.0877737	0.4447639	0.0559037	0.5895024	0.1253825	0.7917383	0.6193027	0.1369510	0.3301321	0.2234457	0.3669558	0.5038166	0.1467932
400	0.1012067	0.4787648	0.0541458	0.5729567	0.1377346	0.7987556	0.6467060	0.1235390	0.4004133	0.1997552	0.3700319	0.5744594	0.1936174
450	0.1127282	0.4401273	0.0962368	0.3972302	0.1417658	0.7325034	0.6649702	0.1901562	0.5090111	0.1787109	0.4734005	0.5369623	0.0955437
500	0.0895404	0.4616285	0.0879269	0.5367338	0.1288874	0.6835672	0.6157509	0.1602042	0.4951507	0.1710847	0.4760419	0.4951652	0.1604874
550	0.0945004	0.1916183	0.0579965	0.3613341	0.1216237	0.7064621	0.7374886	0.1575802	0.5103730	0.2650750	0.3152003	0.5105881	0.1502901
600	0.0840372	0.1209694	0.1175680	0.5120902	0.1069924	0.8096199	0.6976516	0.1148340	0.4625309	0.2008258	0.2960371	0.4683622	0.1095499
650	0.1078979	0.0677126	0.1477733	0.4722104	0.1643301	0.6381605	0.8533362	0.1811541	0.4078490	0.2068039	0.3611014	0.4885697	0.1478810
700	0.0575264	0.0634154	0.0660175	0.4637450	0.1455567	0.7794717	0.8022072	0.1575022	0.3913854	0.2381981	0.3346755	0.5728807	0.1351429
750	0.0602215	0.0691178	0.0864991	0.5474798	0.1217138	0.6418855	0.7328549	0.1473411	0.3897091	0.2194105	0.4987967	0.6032629	0.1619364
800	0.0718994	0.0626678	0.1088069	0.5353432	0.1057239	0.5930484	0.7140762	0.1992182	0.3643506	0.2051162	0.3782950	0.4762750	0.0898301
850	0.1037230	0.0661469	0.0649271	0.6034695	0.0806918	0.7416758	0.7434097	0.1637614	0.5104296	0.2539485	0.3036332	0.5776880	0.1685065
900	0.1045457	0.0421294	0.0601939	0.6548538	0.0754314	0.6631470	0.7787972	0.1454651	0.6540945	0.1834208	0.2782267	0.5876401	0.1885422
950	0.0586562	0.0207991	0.0693395	0.5436087	0.1181962	0.7120788	0.8126932	0.1040221	0.5054072	0.2405108	0.2868379	0.6071018	0.1501640
1000	0.0543886	0.0765162	0.0662126	0.6453147	0.0986944	0.6766434	0.6488845	0.1682782	0.4414258	0.1959594	0.3302535	0.6477842	0.1709177

0	0.0775948	0.0238864	0.1185637	0.4437688	0.1166785	0.6070729	0.7362159	0.1283000	0.4134976	0.1951627	0.3089100	0.5467591	0.1682837
50	0.1103723	0.0412812	0.1272440	0.2640797	0.0177947	0.6750326	0.8664938	0.2060633	0.6526779	0.2239053	0.3116701	0.6121898	0.1843319
100	0.0934535	0.0262351	0.0553870	0.0831792	0.0190076	0.6839367	0.7083531	0.1973242	0.6395931	0.2349672	0.2310667	0.8055192	0.1025051
150	0.0842995	0.0751534	0.1237025	0.0830735	0.0096918	0.9021041	0.7089954	0.1615723	0.7542454	0.3045078	0.3339226	0.7769799	0.1243124
200	0.0921720	0.0219632	0.0858467	0.0654644	0.0298997	0.6228732	0.7268584	0.1557051	0.6988402	0.2235929	0.3582956	0.5643388	0.1063627
250	0.0834519	0.0223764	0.0990382	0.0673335	0.0159431	0.6320249	0.8046149	0.2029362	0.6748429	0.1518279	0.3118062	0.8912920	0.0826559
300	0.0290043	0.0165006	0.0787568	0.0262687	0.0201043	0.6049690	0.7851974	0.1583454	0.7811993	0.1489444	0.3755194	0.7070856	0.0930289
350	0.1091045	0.0315786	0.0761160	0.0492457	0.0030314	0.7779161	0.8638398	0.2105820	0.7100326	0.1489064	0.2585292	0.7669129	0.0747135
400	0.1293225	0.0343129	0.0751702	0.0359401	0.0041919	0.6135818	0.8878262	0.1721824	0.7284247	0.2127465	0.2347565	0.8774951	0.0557154
450	0.0709306	0.0260481	0.0634160	0.0941627	0.0079896	0.6195504	0.6988013	0.2102117	0.7966625	0.1410697	0.3130628	0.7507359	0.0672174
500	0.0946411	0.0708004	0.0826139	0.0575633	0.0076908	0.6414858	0.7318419	0.1575190	0.6997293	0.2350032	0.3532425	0.6773343	0.1016563
550	0.0419312	0.0369497	0.0353911	0.4167991	0.0609067	0.6582796	0.8351940	0.2298789	0.6149767	0.2405906	0.3307590	0.6168108	0.1078695
600	0.0712523	0.0214554	0.0772691	0.5762949	0.0469391	0.8122670	0.7031774	0.1983676	0.7088059	0.2306429	0.3421036	0.4978858	0.1122277
650	0.0669549	0.0110299	0.1133081	0.6672892	0.0991484	0.5997556	0.7264411	0.2329483	0.6791398	0.2617200	0.2961972	0.5067250	0.1461699
700	0.0598186	0.0526038	0.0458511	0.4004956	0.0833024	0.6772002	0.8103733	0.1671001	0.5790755	0.1909666	0.3190853	0.5903570	0.2313735
750	0.0521040	0.0404874	0.1169745	0.5088590	0.1135957	0.7645580	0.7884984	0.2476046	0.5241904	0.1626535	0.3889382	0.6901686	0.1402519
800	0.1078804	0.0196858	0.1102040	0.4883850	0.1043806	0.7626002	0.8768128	0.1703760	0.5765574	0.2115944	0.3186917	0.5843080	0.1512489
850	0.0688293	0.0231152	0.1161988	0.5017893	0.0441426	0.6857662	0.7124770	0.1419173	0.4088774	0.1972374	0.2840088	0.5072643	0.1527766
900	0.0633338	0.0319824	0.1492055	0.5701970	0.0654205	0.8195315	0.7686130	0.1391761	0.5107168	0.2430372	0.3454807	0.5239198	0.1861198
950	0.0927181	0.0522145	0.0799998	0.4846752	0.0546966	0.7908925	0.9309225	0.2142452	0.4519453	0.2081298	0.3249451	0.4979370	0.2080629
1000	0.0925107	0.0220309	0.1239705	0.4963094	0.1038186	0.8582456	0.7723124	0.1226998	0.4382542	0.1253522	0.3497337	0.6830616	0.1454505

0	0.0797368	0.0137292	0.1115095	0.5246654	0.1276778	0.7485062	0.8292574	0.1613413	0.3851946	0.2951770	0.5343869	0.5830252	0.1072943
50	0.0564705	0.3726935	0.0644936	0.5410200	0.0709035	0.7292962	0.8701086	0.1614367	0.5080854	0.1008028	0.3221712	0.7188746	0.0197536
100	0.1146289	0.4552845	0.2038188	0.4604120	0.0901872	0.7671357	0.8368153	0.1034711	0.4251240	0.0391474	0.2689600	0.4760754	0.0084112
150	0.3201060	0.5187917	0.1002326	0.5507782	0.1016843	0.7365023	0.9338897	0.0613786	0.1604968	0.0673558	0.4107081	0.5059954	0.0005100
200	0.3969115	0.6025661	0.1016246	0.5361787	0.0442529	0.8196805	0.7376813	0.0440028	0.0906331	0.0642844	0.3912489	0.4225530	0.0018019
250	0.4055695	0.6655425	0.0873884	0.4887721	0.1200778	0.8238986	0.8446525	0.0332377	0.1159546	0.0762273	0.4942135	0.5730005	0.0002582
300	0.3904826	0.6765513	0.0974725	0.6171680	0.0906265	0.7721530	0.7693152	0.0259460	0.0706494	0.0810468	0.5366047	0.5455847	0.0012944
350	0.3725420	0.6536614	0.0737208	0.4851907	0.0944401	0.7378030	0.6920090	0.0856974	0.0248536	0.1014862	0.4994396	0.5293262	0.0008501
400	0.4158913	0.6275318	0.0386435	0.4849530	0.0482334	0.6067471	0.7682435	0.0620822	0.0239418	0.1223440	0.5979333	0.5896988	0.0015118
450	0.2813265	0.5738557	0.1001432	0.5714843	0.0705683	0.6758923	0.8620910	0.0716441	0.0501225	0.0634615	0.6434235	0.5949621	0.0006408
500	0.2564554	0.5104842	0.0697812	0.5064979	0.0597089	0.6839861	0.8978084	0.0493954	0.0529592	0.0406554	0.6342367	0.5819505	0.0007550
550	0.1826934	0.1916050	0.1159277	0.5580430	0.0929393	0.6093500	0.8909480	0.0922115	0.0873325	0.1835117	0.5153162	0.5188585	0.0383844
600	0.1763554	0.0805020	0.0529256	0.5334478	0.1323003	0.6222650	0.7927747	0.1015212	0.1361197	0.2128912	0.5013746	0.5952453	0.0390153
650	0.0916106	0.0787605	0.1185392	0.5363652	0.0965867	0.6930241	0.7974999	0.1160048	0.2093795	0.2594975	0.5671500	0.5415968	0.0559953
700	0.0562336	0.0812284	0.0502183	0.6159576	0.0695954	0.6177575	0.8804995	0.2024616	0.4201641	0.2532957	0.4238598	0.5312645	0.0511067
750	0.1089926	0.0296567	0.1329896	0.5737704	0.1152605	0.7056972	0.8587517	0.1630400	0.5817449	0.2487393	0.4304104	0.5584175	0.0742849
800	0.0584044	0.0713362	0.1016417	0.5380231	0.1148677	0.7003860	0.7352301	0.1603585	0.4709301	0.2510152	0.4069544	0.6377455	0.1163562
850	0.0524091	0.0172107	0.0555798	0.4829036	0.0777900	0.8319793	0.6818686	0.2049853	0.5791301	0.2778065	0.3537221	0.5170723	0.0659925
900	0.0829941	0.0166012	0.0581300	0.4229270	0.0917299	0.7663521	0.8315714	0.1518471	0.5296659	0.1655001	0.2804766	0.4666288	0.1662693
950	0.0802662	0.0505601	0.1094911	0.5573873	0.0489437	0.7346140	0.7890137	0.2338902	0.4303491	0.1929687	0.3736436	0.5414272	0.1109646
1000	0.0740379	0.0199153	0.0995310	0.5321931	0.0975307	0.7115546	0.6392524	0.0862365	0.4280620	0.2235295	0.3809009	0.5147321	0.1138448
