"Time"	G4	G3	G2	G1	G12	G0	G11	G10	G9	G8	G7	G6	G5

0	0.3202464	0.1531039	0.1816261	0.9711325	0.6221525	1.0000000	0.5732493	0.1007873	0.0003133	0.4606431	0.3396503	0.5176798	0.9994168
50	0.3202228	0.1536079	0.2773727	0.9723717	0.6207249	0.9685822	0.2990759	0.1040719	0.0002836	0.4637579	0.3333551	0.5176565	0.9994166
100	0.3193573	0.1560242	0.3431296	0.9765848	0.6117387	0.9304155	0.1347483	0.1216654	0.0002872	0.4805764	0.3067335	0.5154456	0.9994183
150	0.3159950	0.1590964	0.3653296	0.9802701	0.5969988	0.9068486	0.0937236	0.1418433	0.0003750	0.5039279	0.2760281	0.5084315	0.9994306
200	0.3101025	0.1615309	0.3721305	0.9823054	0.5814113	0.8946015	0.0881483	0.1529439	0.0005249	0.5236058	0.2499964	0.4971983	0.9994645
250	0.3032777	0.1630985	0.3743243	0.9831628	0.5673903	0.8886953	0.0893152	0.1558991	0.0006624	0.5366115	0.2287400	0.4837809	0.9995176
300	0.2971410	0.1640115	0.3751171	0.9834345	0.5555878	0.8859553	0.0907885	0.1550061	0.0007407	0.5440959	0.2118051	0.4698079	0.9995759
350	0.2924800	0.1645173	0.3754378	0.9834768	0.5461153	0.8847119	0.0916834	0.1531550	0.0007644	0.5480480	0.1991359	0.4564550	0.9996268
400	0.2893358	0.1647901	0.3755780	0.9834514	0.5389087	0.8841548	0.0921397	0.1515443	0.0007581	0.5500211	0.1903587	0.4446769	0.9996650
450	0.2873907	0.1649347	0.3756420	0.9834177	0.5337380	0.8839073	0.0923563	0.1504450	0.0007420	0.5509697	0.1846979	0.4351100	0.9996907
500	0.2862629	0.1650103	0.3756719	0.9833921	0.5302369	0.8837978	0.0924556	0.1497824	0.0007265	0.5514143	0.1812625	0.4279380	0.9997068
550	0.2856775	0.1644404	0.2799797	0.9829304	0.5297089	0.9151673	0.3673445	0.1446354	0.0008038	0.5481162	0.1832005	0.4231471	0.9997163
600	0.2865391	0.1615109	0.2141212	0.9803487	0.5384202	0.9533128	0.5305507	0.1257404	0.0007910	0.5300350	0.1999115	0.4234605	0.9997204
650	0.2906621	0.1580478	0.1918259	0.9766933	0.5535272	0.9768703	0.5707389	0.1085415	0.0006409	0.5060805	0.2232751	0.4318511	0.9997143
700	0.2973532	0.1556480	0.1850159	0.9738353	0.5695924	0.9891134	0.5764174	0.0997490	0.0004810	0.4867755	0.2480220	0.4458030	0.9996900
750	0.3043853	0.1543540	0.1828622	0.9722179	0.5839908	0.9950178	0.5756729	0.0971272	0.0003747	0.4744576	0.2722787	0.4615244	0.9996469
800	0.3101795	0.1537318	0.1821177	0.9714725	0.5957926	0.9977569	0.5745575	0.0973333	0.0003205	0.4675495	0.2936905	0.4764464	0.9995935
850	0.3142768	0.1534402	0.1818352	0.9711809	0.6047980	0.9990001	0.5738818	0.0983258	0.0002995	0.4639675	0.3104363	0.4891083	0.9995411
900	0.3168899	0.1532993	0.1817201	0.9710863	0.6112326	0.9995569	0.5735411	0.0992559	0.0002950	0.4622019	0.3221869	0.4989180	0.9994975
950	0.3184379	0.1532275	0.1816708	0.9710652	0.6155651	0.9998044	0.5733810	0.0999073	0.0002970	0.4613607	0.3297390	0.5059548	0.9994658
1000	0.3193059	0.1531895	0.1816490	0.9710666	0.6183340	0.9999139	0.5733081	0.1003048	0.0003005	0.4609692	0.3342690	0.5106854	0.9994449

0	0.3202464	0.1531039	0.1816261	0.9711325	0.6221525	1.0000000	0.5732493	0.1007873	0.0003133	0.4606431	0.3396503	0.5176798	0.9994168
50	0.3231199	0.0860265	0.1820971	0.9696151	0.6152019	0.8547499	0.5793102	0.0690298	0.0003070	0.3666947	0.6845762	0.5276767	0.9994142
100	0.3348197	0.0333505	0.1866490	0.9558618	0.5706977	0.6782987	0.6184882	0.0340058	0.0004103	0.3309546	0.8299823	0.5539817	0.9993695
150	0.3470554	0.0137330	0.1953375	0.9196891	0.4964366	0.5693448	0.6863502	0.0148430	0.0009878	0.3641382	0.8538019	0.5734716	0.9992454
200	0.3558554	0.0082309	0.2044090	0.8663084	0.4223674	0.5127239	0.7517822	0.0061397	0.0022398	0.4062886	0.8550622	0.5832568	0.9990799
250	0.3614710	0.0075632	0.2113713	0.8118978	0.3657811	0.4854186	0.7967300	0.0025123	0.0038724	0.4355280	0.8540014	0.5873298	0.9989233
300	0.3647317	0.0083307	0.2157797	0.7684218	0.3289518	0.4727515	0.8221342	0.0010709	0.0053868	0.4519523	0.8532975	0.5888438	0.9988011
350	0.3664161	0.0093389	0.2182379	0.7387881	0.3073279	0.4670026	0.8350049	0.0005146	0.0065039	0.4602986	0.8529633	0.5893670	0.9987182
400	0.3671764	0.0101863	0.2194976	0.7205979	0.2954645	0.4644274	0.8411385	0.0003037	0.0072109	0.4643206	0.8528159	0.5895385	0.9986687
450	0.3674678	0.0107841	0.2201083	0.7101900	0.2892374	0.4632829	0.8439616	0.0002247	0.0076146	0.4662009	0.8527505	0.5895908	0.9986427
500	0.3675536	0.0111639	0.2203939	0.7045151	0.2860582	0.4627767	0.8452352	0.0001953	0.0078294	0.4670637	0.8527201	0.5896036	0.9986306
550	0.3559994	0.2057234	0.2176691	0.7177766	0.2958945	0.6078037	0.8259262	0.0230991	0.0068604	0.6433144	0.3733625	0.5845144	0.9986423
600	0.3058440	0.3003244	0.2145805	0.7857705	0.3533862	0.7841567	0.7407878	0.0418518	0.0039242	0.7158494	0.1860023	0.5444853	0.9989220
650	0.2603561	0.2737678	0.2138120	0.8599886	0.4204510	0.8930675	0.6587806	0.0510198	0.0018499	0.6585624	0.1571752	0.4803396	0.9993981
700	0.2472544	0.2262909	0.2045468	0.9118721	0.4662696	0.9496694	0.6121074	0.0596327	0.0008448	0.5810553	0.1480258	0.4301326	0.9997097
750	0.2582621	0.1920592	0.1942400	0.9417592	0.4980014	0.9769664	0.5902414	0.0697189	0.0004236	0.5253657	0.1568244	0.4019767	0.9998310
800	0.2768291	0.1725106	0.1876922	0.9572203	0.5265966	0.9896299	0.5806396	0.0795804	0.0002673	0.4930804	0.1865974	0.3975483	0.9998374
850	0.2932168	0.1624221	0.1843793	0.9647117	0.5534902	0.9953771	0.5764774	0.0875326	0.0002247	0.4762245	0.2273746	0.4136032	0.9997792
900	0.3046777	0.1574843	0.1828536	0.9682017	0.5761742	0.9979517	0.5746659	0.0930712	0.0002285	0.4679272	0.2660953	0.4394703	0.9996918
950	0.3117535	0.1551423	0.1821735	0.9697920	0.5931811	0.9990959	0.5738726	0.0965372	0.0002475	0.4639874	0.2955124	0.4648224	0.9996040
1000	0.3157953	0.1540541	0.1818722	0.9705081	0.6047928	0.9996019	0.5735238	0.0985423	0.0002676	0.4621598	0.3148430	0.4846224	0.9995334

0	0.3202464	0.1531039	0.1816261	0.9711325	0.6221525	1.0000000	0.5732493	0.1007873	0.0003133	0.4606431	0.3396503	0.5176798	0.9994168
50	0.3201267	0.1558924	0.1825493	0.9618898	0.6152165	0.8574270	0.5791828	0.1006502	0.0003236	0.4753170	0.2858086	0.5166003	0.5574524
100	0.3159969	0.1741745	0.1882341	0.9396968	0.5691279	0.6842280	0.6173160	0.0976821	0.0004544	0.5588301	0.1493383	0.4948482	0.2419866
150	0.2984643	0.2099587	0.1983934	0.9003276	0.4877325	0.5772822	0.6830524	0.0879708	0.0008783	0.6765611	0.0833919	0.4273206	0.1323544
200	0.2674671	0.2572424	0.2108741	0.8485662	0.3990731	0.5217049	0.7464286	0.0743482	0.0016526	0.7720260	0.0647634	0.3408153	0.0996451
250	0.2343621	0.3088723	0.2254804	0.7994426	0.3217605	0.4949028	0.7901063	0.0618903	0.0025808	0.8311267	0.0603254	0.2744467	0.0904083
300	0.2080686	0.3569294	0.2435895	0.7647926	0.2620629	0.4824692	0.8148961	0.0528874	0.0033998	0.8629220	0.0593047	0.2359856	0.0878603
350	0.1905097	0.3942174	0.2650098	0.7479195	0.2195772	0.4768263	0.8275025	0.0472301	0.0039844	0.8788210	0.0590613	0.2168546	0.0871652
400	0.1799459	0.4170582	0.2861562	0.7456648	0.1912082	0.4742985	0.8335277	0.0439771	0.0043460	0.8865251	0.0589975	0.2081049	0.0869766
450	0.1739866	0.4263790	0.3022505	0.7519124	0.1732420	0.4731751	0.8363072	0.0422135	0.0045487	0.8902716	0.0589780	0.2042741	0.0869257
500	0.1707501	0.4263294	0.3108451	0.7607116	0.1623553	0.4726783	0.8375633	0.0412936	0.0046546	0.8921576	0.0589710	0.2026261	0.0869121
550	0.1659963	0.4087535	0.3093360	0.7872107	0.1626168	0.6150323	0.8186673	0.0408229	0.0041335	0.8800580	0.0591032	0.2019786	0.5291252
600	0.1584849	0.3419788	0.2840713	0.8469423	0.1980617	0.7881349	0.7359438	0.0416151	0.0024621	0.8013757	0.0606200	0.2023936	0.8447722
650	0.1669138	0.2662252	0.2438575	0.9017213	0.2573275	0.8950383	0.6564494	0.0462646	0.0012172	0.6854985	0.0647307	0.2055016	0.9544731
700	0.1955561	0.2128974	0.2121828	0.9363925	0.3249329	0.9505970	0.6111409	0.0554928	0.0005913	0.5889155	0.0748497	0.2143530	0.9872105
750	0.2323416	0.1825708	0.1949927	0.9548070	0.3959287	0.9773909	0.5898564	0.0671407	0.0003233	0.5274965	0.1002183	0.2357310	0.9964507
800	0.2647294	0.1670590	0.1872187	0.9636833	0.4626425	0.9898210	0.5804846	0.0782226	0.0002259	0.4935917	0.1461158	0.2779228	0.9989642
850	0.2878515	0.1595676	0.1839566	0.9677511	0.5172683	0.9954623	0.5764132	0.0868937	0.0002063	0.4763134	0.2022644	0.3365492	0.9995805
900	0.3023864	0.1560683	0.1826110	0.9695796	0.5570415	0.9979894	0.5746387	0.0927958	0.0002198	0.4679230	0.2525605	0.3951409	0.9996632
950	0.3108027	0.1544658	0.1820506	0.9704007	0.5835564	0.9991126	0.5738609	0.0964272	0.0002433	0.4639718	0.2889574	0.4415230	0.9996104
1000	0.3154097	0.1537401	0.1818130	0.9707719	0.6001191	0.9996092	0.5735187	0.0985016	0.0002655	0.4621486	0.3118960	0.4731548	0.9995420

0	0.3202464	0.1531039	0.1816261	0.9711325	0.6221525	1.0000000	0.5732493	0.1007873	0.0003133	0.4606431	0.3396503	0.5176798	0.9994168
50	0.3200527	0.1578549	0.1833743	0.9680856	0.6092972	0.7471571	0.4948524	0.0690891	0.1630301	0.4874987	0.2930010	0.5166935	0.9994173
100	0.3147645	0.1972486	0.1965149	0.9253960	0.5190404	0.4400013	0.3519129	0.0342067	0.3157554	0.6384460	0.1565571	0.4964618	0.9994324
150	0.3291774	0.3198435	0.2313631	0.7562754	0.3640387	0.2503407	0.4203995	0.0153153	0.4001909	0.8183357	0.0846737	0.4297365	0.9994784
200	0.4191203	0.5613182	0.3191215	0.5035594	0.2253397	0.1517785	0.5018790	0.0070888	0.4971622	0.9263648	0.0647024	0.3412541	0.9991543
250	0.4986498	0.7949870	0.5081399	0.3004013	0.1362217	0.1042470	0.5380261	0.0042906	0.5876451	0.9732994	0.0602182	0.2737543	0.9973457
300	0.5373794	0.9222463	0.6971310	0.1772650	0.0864110	0.0821968	0.5497216	0.0040606	0.6346314	0.9907620	0.0592449	0.2355105	0.9943876
350	0.5519189	0.9735610	0.8059146	0.1108339	0.0603995	0.0721895	0.5530500	0.0048694	0.6534997	0.9968073	0.0590274	0.2169621	0.9921005
400	0.5564482	0.9914814	0.8541922	0.0767706	0.0473676	0.0677066	0.5539654	0.0058705	0.6602808	0.9988555	0.0589759	0.2086963	0.9910353
450	0.5575605	0.9973141	0.8731757	0.0597405	0.0410111	0.0657143	0.5542253	0.0066859	0.6625912	0.9995569	0.0589624	0.2051812	0.9907332
500	0.5576969	0.9991484	0.8802104	0.0513448	0.0379646	0.0648333	0.5543054	0.0072335	0.6633566	0.9998025	0.0589584	0.2037218	0.9907291
550	0.5500296	0.9996414	0.8734017	0.0942045	0.0497685	0.3172877	0.5498548	0.0243480	0.4875304	0.9991630	0.0604086	0.2053394	0.9882310
600	0.4201229	0.9769542	0.8509145	0.3877035	0.1617784	0.6242727	0.4643574	0.0368998	0.2408743	0.9584981	0.1107784	0.2276731	0.9874327
650	0.2780983	0.7670038	0.8068630	0.6656213	0.3103438	0.8138581	0.3124969	0.0465932	0.0993332	0.8249150	0.1550604	0.2897961	0.9938058
700	0.2160333	0.4823951	0.6398589	0.8312667	0.3974223	0.9123874	0.2725085	0.0620532	0.0383489	0.6796181	0.1291858	0.3391510	0.9978432
750	0.2167742	0.3016797	0.4060247	0.9159699	0.4363076	0.9599044	0.4494857	0.0782651	0.0144532	0.5773986	0.1108247	0.3456505	0.9993268
800	0.2433496	0.2144462	0.2648635	0.9548372	0.4676828	0.9819483	0.5448919	0.0864384	0.0054604	0.5187015	0.1241568	0.3366923	0.9997691
850	0.2712513	0.1767530	0.2087331	0.9696612	0.5043626	0.9919528	0.5694057	0.0905146	0.0021451	0.4883415	0.1648262	0.3459253	0.9998522
900	0.2918189	0.1614597	0.1900389	0.9734332	0.5404544	0.9964344	0.5736984	0.0936238	0.0009397	0.4735220	0.2166689	0.3787050	0.9998018
950	0.3047362	0.1556677	0.1842149	0.9733743	0.5697150	0.9984262	0.5739218	0.0961836	0.0005096	0.4665324	0.2626611	0.4197202	0.9997046
1000	0.3121397	0.1536916	0.1824247	0.9725612	0.5904494	0.9993070	0.5736448	0.0980535	0.0003623	0.4633062	0.2954119	0.4552591	0.9996074

0	0.3202464	0.1531039	0.1816261	0.9711325	0.6221525	1.0000000	0.5732493	0.1007873	0.0003133	0.4606431	0.3396503	0.5176798	0.9994168
50	0.3202518	0.1531246	0.1816277	0.9711065	0.7200961	1.0000000	0.2960980	0.1041326	0.0003119	0.4606397	0.3396941	0.5177903	0.9994165
100	0.3202549	0.1531355	0.1816289	0.9710945	0.8232941	1.0000000	0.1251114	0.1229198	0.0003425	0.4606273	0.3397129	0.5178453	0.9994164
150	0.3202581	0.1531408	0.1816296	0.9710892	0.8785910	1.0000000	0.0765497	0.1472307	0.0004804	0.4606163	0.3397235	0.5178717	0.9994163
200	0.3202615	0.1531434	0.1816300	0.9710868	0.9039415	1.0000000	0.0651306	0.1647722	0.0007542	0.4606100	0.3397328	0.5178848	0.9994163
250	0.3202642	0.1531446	0.1816302	0.9710858	0.9148894	1.0000000	0.0626602	0.1744056	0.0010851	0.4606070	0.3397414	0.5178920	0.9994162
300	0.3202661	0.1531451	0.1816303	0.9710854	0.9194935	1.0000000	0.0621493	0.1789766	0.0013722	0.4606056	0.3397485	0.5178968	0.9994162
350	0.3202673	0.1531453	0.1816304	0.9710852	0.9214055	1.0000000	0.0620464	0.1809634	0.0015716	0.4606050	0.3397535	0.5179003	0.9994162
400	0.3202679	0.1531455	0.1816304	0.9710851	0.9221948	1.0000000	0.0620261	0.1817794	0.0016905	0.4606048	0.3397567	0.5179028	0.9994162
450	0.3202683	0.1531455	0.1816304	0.9710851	0.9225196	1.0000000	0.0620221	0.1821018	0.0017544	0.4606047	0.3397585	0.5179046	0.9994161
500	0.3202684	0.1531455	0.1816304	0.9710850	0.9226531	1.0000000	0.0620213	0.1822257	0.0017862	0.4606046	0.3397595	0.5179057	0.9994161
550	0.3202685	0.1531455	0.1816304	0.9710850	0.8248172	1.0000000	0.3391726	0.1766058	0.0017908	0.4606053	0.3397600	0.5179064	0.9994161
600	0.3202683	0.1531455	0.1816304	0.9710850	0.7216692	1.0000000	0.5101591	0.1529907	0.0016248	0.4606102	0.3397601	0.5179068	0.9994161
650	0.3202673	0.1531455	0.1816304	0.9710850	0.6663941	1.0000000	0.5587208	0.1292474	0.0012405	0.4606189	0.3397592	0.5179069	0.9994161
700	0.3202654	0.1531455	0.1816304	0.9710850	0.6410526	1.0000000	0.5701400	0.1143008	0.0008585	0.4606279	0.3397563	0.5179067	0.9994162
750	0.3202629	0.1531455	0.1816304	0.9710850	0.6301078	1.0000000	0.5726103	0.1066686	0.0005977	0.4606346	0.3397511	0.5179058	0.9994162
800	0.3202605	0.1531455	0.1816304	0.9710850	0.6255041	1.0000000	0.5731212	0.1031976	0.0004500	0.4606387	0.3397447	0.5179043	0.9994162
850	0.3202586	0.1531455	0.1816304	0.9710850	0.6235912	1.0000000	0.5732241	0.1017286	0.0003747	0.4606410	0.3397386	0.5179022	0.9994162
900	0.3202573	0.1531455	0.1816304	0.9710850	0.6228008	1.0000000	0.5732445	0.1011359	0.0003385	0.4606421	0.3397337	0.5179000	0.9994162
950	0.3202565	0.1531455	0.1816304	0.9710850	0.6224748	1.0000000	0.5732485	0.1009044	0.0003219	0.4606426	0.3397302	0.5178980	0.9994163
1000	0.3202560	0.1531455	0.1816304	0.9710850	0.6223405	1.0000000	0.5732492	0.1008162	0.0003145	0.4606428	0.3397280	0.5178964	0.9994163

0	0.3202464	0.1531039	0.1816261	0.9711325	0.6221525	1.0000000	0.5732493	0.1007873	0.0003133	0.4606431	0.3396503	0.5176798	0.9994168
50	0.3202518	0.1531246	0.1816277	0.9711065	0.6222010	1.0000000	0.5732494	0.1007724	0.0003106	0.4606430	0.3396941	0.5177903	0.9994165
100	0.3202540	0.1531355	0.1816289	0.9710945	0.6222248	1.0000000	0.5732494	0.1007670	0.0003096	0.4606430	0.3397124	0.5178452	0.9994164
150	0.3202549	0.1531408	0.1816296	0.9710892	0.6222361	1.0000000	0.5732494	0.1007650	0.0003092	0.4606430	0.3397199	0.5178714	0.9994163
200	0.3202552	0.1531434	0.1816300	0.9710868	0.6222415	1.0000000	0.5732494	0.1007643	0.0003090	0.4606430	0.3397230	0.5178836	0.9994163
250	0.3202554	0.1531446	0.1816302	0.9710858	0.6222439	1.0000000	0.5732494	0.1007640	0.0003089	0.4606430	0.3397242	0.5178890	0.9994163
300	0.3202554	0.1531451	0.1816303	0.9710854	0.6222450	1.0000000	0.5732494	0.1007639	0.0003089	0.4606430	0.3397247	0.5178914	0.9994163
350	0.3202555	0.1531453	0.1816304	0.9710852	0.6222455	1.0000000	0.5732494	0.1007639	0.0003089	0.4606430	0.3397249	0.5178925	0.9994163
400	0.3202555	0.1531455	0.1816304	0.9710851	0.6222457	1.0000000	0.5732494	0.1007639	0.0003089	0.4606430	0.3397250	0.5178930	0.9994163
450	0.3202555	0.1531455	0.1816304	0.9710851	0.6222458	1.0000000	0.5732494	0.1007639	0.0003089	0.4606430	0.3397251	0.5178931	0.9994163
500	0.3202555	0.1531455	0.1816304	0.9710850	0.6222459	1.0000000	0.5732494	0.1007639	0.0003089	0.4606430	0.3397251	0.5178932	0.9994163
550	0.3202555	0.1531455	0.1816304	0.9710850	0.6222459	1.0000000	0.5732494	0.1007639	0.0003089	0.4606430	0.3397251	0.5178933	0.9994163
600	0.3202555	0.1531455	0.1816304	0.9710850	0.6222459	1.0000000	0.5732494	0.1007639	0.0003089	0.4606430	0.3397251	0.5178933	0.9994163
650	0.3202555	0.1531455	0.1816304	0.9710850	0.6222459	1.0000000	0.5732494	0.1007639	0.0003089	0.4606430	0.3397251	0.5178933	0.9994163
700	0.3202555	0.1531455	0.1816304	0.9710850	0.6222459	1.0000000	0.5732494	0.1007639	0.0003089	0.4606430	0.3397251	0.5178933	0.9994163
750	0.3202555	0.1531455	0.1816304	0.9710850	0.6222459	1.0000000	0.5732494	0.1007639	0.0003089	0.4606430	0.3397251	0.5178933	0.9994163
800	0.3202555	0.1531455	0.1816304	0.9710850	0.6222459	1.0000000	0.5732494	0.1007639	0.0003089	0.4606430	0.3397251	0.5178933	0.9994163
850	0.3202555	0.1531455	0.1816304	0.9710850	0.6222459	1.0000000	0.5732494	0.1007639	0.0003089	0.4606430	0.3397251	0.5178933	0.9994163
900	0.3202555	0.1531455	0.1816304	0.9710850	0.6222459	1.0000000	0.5732494	0.1007639	0.0003089	0.4606430	0.3397251	0.5178933	0.9994163
950	0.3202555	0.1531455	0.1816304	0.9710850	0.6222459	1.0000000	0.5732494	0.1007639	0.0003089	0.4606430	0.3397251	0.5178933	0.9994163
1000	0.3202555	0.1531455	0.1816304	0.9710850	0.6222459	1.0000000	0.5732494	0.1007639	0.0003089	0.4606430	0.3397251	0.5178933	0.9994163

0	0.3202464	0.1531039	0.1816261	0.9711325	0.6221525	1.0000000	0.5732493	0.1007873	0.0003133	0.4606431	0.3396503	0.5176798	0.9994168
50	0.3212341	0.1151673	0.1819908	0.9700613	0.6170644	0.8928499	0.5775562	0.0690411	0.0003003	0.4359737	0.3188825	0.5416141	0.9994158
100	0.3241391	0.0922844	0.1849421	0.9615520	0.5846594	0.7626831	0.6031863	0.0340227	0.0003129	0.4643070	0.2412089	0.5592451	0.9994033
150	0.3213218	0.0948236	0.1901812	0.9424953	0.5302922	0.6823085	0.6441329	0.0148494	0.0004674	0.5336544	0.1703498	0.5463306	0.9993881
200	0.3083766	0.1077745	0.1953445	0.9178662	0.4731842	0.6405396	0.6824371	0.0061293	0.0007361	0.5977061	0.1269990	0.5085476	0.9994261
250	0.2890441	0.1226099	0.1991975	0.8948843	0.4233997	0.6203967	0.7090403	0.0024878	0.0010105	0.6406006	0.1019268	0.4607499	0.9995351
300	0.2697579	0.1356201	0.2017148	0.8775267	0.3829484	0.6110522	0.7244869	0.0010376	0.0012202	0.6650824	0.0871118	0.4150628	0.9996672
350	0.2544470	0.1455200	0.2032884	0.8661656	0.3512821	0.6068113	0.7325286	0.0004763	0.0013543	0.6778523	0.0784372	0.3775408	0.9997752
400	0.2439335	0.1523032	0.2042717	0.8594568	0.3275051	0.6049116	0.7364452	0.0002628	0.0014306	0.6841657	0.0735120	0.3497733	0.9998461
450	0.2373892	0.1565673	0.2048865	0.8558039	0.3105454	0.6040673	0.7382764	0.0001825	0.0014707	0.6871894	0.0707919	0.3308299	0.9998875
500	0.2335887	0.1590581	0.2052636	0.8539525	0.2990910	0.6036939	0.7391115	0.0001525	0.0014908	0.6886132	0.0693180	0.3187171	0.9999102
550	0.2289333	0.2108788	0.2046912	0.8588626	0.2983502	0.7106794	0.7271158	0.0181647	0.0013693	0.7238932	0.0704384	0.2868567	0.9999225
600	0.2195214	0.2281934	0.2016964	0.8854211	0.3304376	0.8407738	0.6767549	0.0377076	0.0009160	0.6953997	0.0796354	0.2614580	0.9999340
650	0.2206475	0.2104930	0.1967829	0.9169452	0.3803510	0.9211166	0.6280785	0.0512094	0.0005272	0.6203272	0.0932133	0.2604080	0.9999450
700	0.2374362	0.1886098	0.1912464	0.9405230	0.4308756	0.9628714	0.5992230	0.0629403	0.0003141	0.5530912	0.1133589	0.2773509	0.9999429
750	0.2610171	0.1728704	0.1869727	0.9549828	0.4783176	0.9830083	0.5850183	0.0739408	0.0002228	0.5093149	0.1471101	0.3081850	0.9999147
800	0.2823533	0.1634747	0.1843704	0.9629686	0.5204421	0.9923500	0.5785007	0.0832562	0.0001985	0.4848163	0.1927541	0.3505997	0.9998522
850	0.2978609	0.1583537	0.1829765	0.9671134	0.5545117	0.9965897	0.5755811	0.0901622	0.0002076	0.4722078	0.2393991	0.3967536	0.9997615
900	0.3077636	0.1557045	0.1822770	0.9691817	0.5795475	0.9984890	0.5742826	0.0947322	0.0002302	0.4660394	0.2773642	0.4373560	0.9996628
950	0.3135793	0.1543792	0.1819372	0.9701869	0.5965244	0.9993330	0.5737064	0.0975002	0.0002542	0.4631186	0.3036465	0.4678211	0.9995766
1000	0.3168026	0.1537315	0.1817748	0.9706664	0.6073270	0.9997063	0.5734512	0.0990671	0.0002740	0.4617653	0.3199367	0.4883031	0.9995128

0	0.3202464	0.1531039	0.1816261	0.9711325	0.6221525	1.0000000	0.5732493	0.1007873	0.0003133	0.4606431	0.3396503	0.5176798	0.9994168
50	0.3233008	0.1531246	0.1816277	0.9711065	0.6499940	1.0000000	0.5732494	0.1030470	0.0003155	0.3514619	0.3406865	0.5325492	0.9994136
100	0.3358873	0.1531355	0.1816289	0.9710945	0.6809884	1.0000000	0.5732494	0.1158904	0.0003566	0.2633776	0.3550956	0.5488925	0.9993626
150	0.3487780	0.1531408	0.1816296	0.9710892	0.7015814	1.0000000	0.5732494	0.1339617	0.0004803	0.2286513	0.3863899	0.5609732	0.9992203
200	0.3571625	0.1531434	0.1816300	0.9710868	0.7151246	1.0000000	0.5732494	0.1487459	0.0007022	0.2170214	0.4180926	0.5718495	0.9990333
250	0.3616614	0.1531446	0.1816302	0.9710858	0.7238679	1.0000000	0.5732494	0.1579581	0.0009748	0.2133654	0.4403847	0.5813840	0.9988682
300	0.3638442	0.1531451	0.1816303	0.9710854	0.7292248	1.0000000	0.5732494	0.1628593	0.0012254	0.2122486	0.4532474	0.5886174	0.9987539
350	0.3648411	0.1531453	0.1816304	0.9710852	0.7323189	1.0000000	0.5732494	0.1652170	0.0014121	0.2119121	0.4598495	0.5934230	0.9986865
400	0.3652786	0.1531455	0.1816304	0.9710851	0.7340139	1.0000000	0.5732494	0.1662757	0.0015315	0.2118113	0.4629951	0.5963077	0.9986508
450	0.3654654	0.1531455	0.1816304	0.9710851	0.7349022	1.0000000	0.5732494	0.1667284	0.0015999	0.2117812	0.4644206	0.5979121	0.9986332
500	0.3655436	0.1531455	0.1816304	0.9710850	0.7353513	1.0000000	0.5732494	0.1669149	0.0016360	0.2117722	0.4650443	0.5987536	0.9986250
550	0.3648145	0.1531455	0.1816304	0.9710850	0.7105486	1.0000000	0.5732494	0.1635126	0.0016313	0.3209457	0.4650944	0.5846200	0.9986226
600	0.3586321	0.1531455	0.1816304	0.9710850	0.6836380	1.0000000	0.5732494	0.1474209	0.0014617	0.4090252	0.4599500	0.5693872	0.9986540
650	0.3472926	0.1531455	0.1816304	0.9710850	0.6665198	1.0000000	0.5732494	0.1287002	0.0011355	0.4437506	0.4409945	0.5602334	0.9987770
700	0.3363959	0.1531455	0.1816304	0.9710850	0.6541093	1.0000000	0.5732494	0.1153037	0.0008142	0.4553812	0.4120117	0.5532092	0.9989642
750	0.3288340	0.1531455	0.1816304	0.9710850	0.6440139	1.0000000	0.5732494	0.1076643	0.0005863	0.4590386	0.3843470	0.5458940	0.9991386
800	0.3244646	0.1531455	0.1816304	0.9710850	0.6361122	1.0000000	0.5732494	0.1038360	0.0004509	0.4601570	0.3643750	0.5383249	0.9992622
850	0.3222084	0.1531455	0.1816304	0.9710850	0.6305009	1.0000000	0.5732494	0.1020698	0.0003782	0.4604952	0.3522744	0.5315292	0.9993368
900	0.3211262	0.1531455	0.1816304	0.9710850	0.6268815	1.0000000	0.5732494	0.1013003	0.0003415	0.4605973	0.3457415	0.5262737	0.9993774
950	0.3206326	0.1531455	0.1816304	0.9710850	0.6247262	1.0000000	0.5732494	0.1009785	0.0003238	0.4606284	0.3424833	0.5226903	0.9993980
1000	0.3204154	0.1531455	0.1816304	0.9710850	0.6235218	1.0000000	0.5732494	0.1008480	0.0003155	0.4606381	0.3409478	0.5204810	0.9994080

0	0.3202464	0.1531039	0.1816261	0.9711325	0.6221525	1.0000000	0.5732493	0.1007873	0.0003133	0.4606431	0.3396503	0.5176798	0.9994168
50	0.3231987	0.1529819	0.3402027	0.9758873	0.6505869	1.0000000	0.5482673	0.1030029	0.0925539	0.3556456	0.3406514	0.5178150	0.9994137
100	0.3354824	0.1520909	0.4476725	0.9837169	0.6821472	1.0000000	0.3367231	0.1204750	0.1787637	0.2709364	0.3546396	0.5187393	0.9993643
150	0.3482059	0.1506857	0.4822401	0.9894615	0.7029378	1.0000000	0.2034916	0.1598406	0.2194622	0.2375405	0.3852707	0.5228151	0.9992258
200	0.3565607	0.1494037	0.4915998	0.9927646	0.7164996	1.0000000	0.1590434	0.2036169	0.2364718	0.2263560	0.4165693	0.5302292	0.9990427
250	0.3610772	0.1485074	0.4939494	0.9944735	0.7252230	1.0000000	0.1462931	0.2357187	0.2440690	0.2228400	0.4387505	0.5384150	0.9988801
300	0.3632813	0.1479678	0.4945081	0.9953111	0.7305665	1.0000000	0.1424888	0.2543358	0.2481696	0.2217660	0.4516358	0.5451780	0.9987669
350	0.3642924	0.1476714	0.4946315	0.9957095	0.7336571	1.0000000	0.1410920	0.2637658	0.2506893	0.2214423	0.4582868	0.5498461	0.9986998
400	0.3647378	0.1475180	0.4946545	0.9958959	0.7353536	1.0000000	0.1404213	0.2681835	0.2522393	0.2213454	0.4614705	0.5527056	0.9986640
450	0.3649284	0.1474417	0.4946566	0.9959821	0.7362446	1.0000000	0.1400458	0.2701717	0.2531394	0.2213164	0.4629187	0.5543156	0.9986464
500	0.3650084	0.1474048	0.4946553	0.9960218	0.7366959	1.0000000	0.1398303	0.2710559	0.2536301	0.2213077	0.4635543	0.5551670	0.9986381
550	0.3642419	0.1474195	0.3360220	0.9947855	0.7113247	1.0000000	0.1408734	0.2659744	0.1615263	0.3262978	0.4635970	0.5555907	0.9986357
600	0.3579678	0.1476802	0.2285088	0.9910028	0.6837928	1.0000000	0.1770039	0.2401589	0.0745220	0.4110023	0.4582982	0.5555782	0.9986679
650	0.3467019	0.1483864	0.1939163	0.9851860	0.6663150	1.0000000	0.3551621	0.2038683	0.0322156	0.4443973	0.4392212	0.5542800	0.9987908
700	0.3359914	0.1494846	0.1845465	0.9796206	0.6537630	1.0000000	0.5043331	0.1650238	0.0138735	0.4555824	0.4104706	0.5506265	0.9989752
750	0.3286006	0.1506590	0.1822073	0.9757083	0.6436737	1.0000000	0.5561825	0.1348582	0.0060395	0.4590998	0.3832632	0.5446667	0.9991460
800	0.3243439	0.1516260	0.1816747	0.9734133	0.6358472	1.0000000	0.5694576	0.1169005	0.0027038	0.4601754	0.3637237	0.5376643	0.9992665
850	0.3221505	0.1522910	0.1815817	0.9722027	0.6303222	1.0000000	0.5724532	0.1078280	0.0012994	0.4605007	0.3519238	0.5311439	0.9993391
900	0.3210997	0.1526946	0.1815848	0.9716042	0.6267724	1.0000000	0.5730876	0.1036934	0.0007155	0.4605990	0.3455668	0.5260461	0.9993785
950	0.3206209	0.1529188	0.1816013	0.9713204	0.6246644	1.0000000	0.5732172	0.1019330	0.0004748	0.4606290	0.3424010	0.5225599	0.9993986
1000	0.3204104	0.1530357	0.1816142	0.9711897	0.6234886	1.0000000	0.5732431	0.1012176	0.0003763	0.4606383	0.3409105	0.5204095	0.9994082

0	0.3202464	0.1531039	0.1816261	0.9711325	0.6221525	1.0000000	0.5732493	0.1007873	0.0003133	0.4606431	0.3396503	0.5176798	0.9994168
50	0.2252254	0.0956263	0.1812134	0.9753776	0.6133503	1.0000000	0.2713154	0.0691139	0.0002901	0.4606432	0.2612954	0.5148632	0.7029616
100	0.1162116	0.0499722	0.1802325	0.9803023	0.5498179	1.0000000	0.0850394	0.0341994	0.0002177	0.4606477	0.1125738	0.4793180	0.4914337
150	0.0534654	0.0321458	0.1797210	0.9832070	0.4264171	1.0000000	0.0321354	0.0151048	0.0001612	0.4606765	0.0552997	0.3845440	0.4179358
200	0.0232747	0.0261640	0.1795502	0.9846663	0.2887690	1.0000000	0.0196952	0.0064334	0.0001337	0.4608184	0.0418120	0.2780239	0.3960019
250	0.0098710	0.0242505	0.1795017	0.9853571	0.1783816	1.0000000	0.0170040	0.0028207	0.0001223	0.4616266	0.0390522	0.2052912	0.3898010
300	0.0041746	0.0236435	0.1794889	0.9856765	0.1068277	1.0000000	0.0164474	0.0013872	0.0001178	0.4668180	0.0385098	0.1671494	0.3880863
350	0.0018153	0.0234485	0.1794856	0.9858228	0.0664546	1.0000000	0.0163353	0.0008318	0.0001156	0.4954665	0.0384045	0.1498625	0.3876167
400	0.0008498	0.0233840	0.1794847	0.9858897	0.0456658	1.0000000	0.0163131	0.0006049	0.0001123	0.5852663	0.0383841	0.1426798	0.3874886
450	0.0004467	0.0233619	0.1794845	0.9859202	0.0355929	1.0000000	0.0163087	0.0004814	0.0001053	0.7168486	0.0383801	0.1398552	0.3874538
500	0.0002642	0.0233540	0.1794844	0.9859341	0.0309005	1.0000000	0.0163079	0.0003915	0.0000958	0.8246748	0.0383793	0.1387842	0.3874443
550	0.0436556	0.0798130	0.1794982	0.9815964	0.0390696	1.0000000	0.3182417	0.0281839	0.0000869	0.8835638	0.0513293	0.1433349	0.6841110
600	0.0909489	0.1250972	0.1797522	0.9765580	0.1015199	1.0000000	0.5045177	0.0482104	0.0000832	0.7904255	0.0575355	0.1620506	0.8958678
650	0.1397640	0.1432719	0.1803676	0.9735782	0.1963224	1.0000000	0.5574217	0.0579384	0.0000917	0.6106249	0.0613241	0.1811584	0.9694617
700	0.1997146	0.1496989	0.1809602	0.9721161	0.3005421	1.0000000	0.5698619	0.0692504	0.0001119	0.5149897	0.0752830	0.1991891	0.9914217
750	0.2510380	0.1519271	0.1813251	0.9714753	0.4013629	1.0000000	0.5725532	0.0810108	0.0001413	0.4786302	0.1176531	0.2328596	0.9976028
800	0.2844650	0.1527102	0.1815035	0.9712193	0.4835069	1.0000000	0.5731098	0.0899331	0.0001786	0.4663697	0.1840929	0.2947464	0.9992379
850	0.3030185	0.1529902	0.1815805	0.9711256	0.5411105	1.0000000	0.5732218	0.0953825	0.0002178	0.4624417	0.2471591	0.3671853	0.9995821
900	0.3123547	0.1530911	0.1816114	0.9710946	0.5773562	1.0000000	0.5732440	0.0982740	0.0002516	0.4612094	0.2908475	0.4271976	0.9995843
950	0.3167600	0.1531272	0.1816234	0.9710858	0.5984695	1.0000000	0.5732484	0.0996703	0.0002759	0.4608243	0.3159172	0.4675607	0.9995244
1000	0.3187484	0.1531398	0.1816279	0.9710839	0.6100867	1.0000000	0.5732492	0.1003017	0.0002913	0.4607028	0.3287464	0.4915169	0.9994750

0	0.3202464	0.1531039	0.1816261	0.9711325	0.6221525	1.0000000	0.5732493	0.1007873	0.0003133	0.4606431	0.3396503	0.5176798	0.9994168
50	0.3202518	0.1531115	0.1816276	0.9714978	0.6222010	1.0000000	0.2719606	0.1044803	0.0003120	0.4606430	0.6003071	0.6606118	0.9994165
100	0.3202540	0.1530553	0.1816278	0.9719404	0.6222248	1.0000000	0.0860827	0.1254727	0.0003468	0.4606430	0.7201394	0.8197190	0.9994164
150	0.3202549	0.1529732	0.1816254	0.9722066	0.6222361	1.0000000	0.0332917	0.1522968	0.0005077	0.4606430	0.7469324	0.9062791	0.9994163
200	0.3202552	0.1529058	0.1816218	0.9723428	0.6222415	1.0000000	0.0208781	0.1710661	0.0008311	0.4606430	0.7523039	0.9449274	0.9994163
250	0.3202554	0.1528626	0.1816183	0.9724082	0.6222439	1.0000000	0.0181926	0.1810549	0.0012199	0.4606430	0.7533530	0.9606576	0.9994163
300	0.3202554	0.1528383	0.1816158	0.9724385	0.6222450	1.0000000	0.0176372	0.1856762	0.0015528	0.4606430	0.7535566	0.9667334	0.9994163
350	0.3202555	0.1528257	0.1816143	0.9724523	0.6222455	1.0000000	0.0175254	0.1876474	0.0017805	0.4606430	0.7535961	0.9690050	0.9994163
400	0.3202555	0.1528194	0.1816134	0.9724584	0.6222457	1.0000000	0.0175032	0.1884457	0.0019145	0.4606430	0.7536037	0.9698363	0.9994163
450	0.3202555	0.1528165	0.1816129	0.9724611	0.6222458	1.0000000	0.0174989	0.1887579	0.0019856	0.4606430	0.7536052	0.9701361	0.9994163
500	0.3202555	0.1528151	0.1816127	0.9724623	0.6222459	1.0000000	0.0174980	0.1888770	0.0020207	0.4606430	0.7536055	0.9702431	0.9994163
550	0.3202555	0.1528276	0.1816126	0.9720715	0.6222459	1.0000000	0.3187866	0.1832646	0.0020263	0.4606430	0.4929990	0.8378619	0.9994163
600	0.3202555	0.1528942	0.1816136	0.9716171	0.6222459	1.0000000	0.5046645	0.1578886	0.0018371	0.4606430	0.3731838	0.6862769	0.9994163
650	0.3202555	0.1529814	0.1816167	0.9713456	0.6222459	1.0000000	0.5574555	0.1319652	0.0013884	0.4606430	0.3463958	0.5955903	0.9994163
700	0.3202555	0.1530514	0.1816207	0.9712070	0.6222459	1.0000000	0.5698692	0.1155950	0.0009419	0.4606430	0.3410258	0.5507934	0.9994163
750	0.3202555	0.1530959	0.1816243	0.9711406	0.6222459	1.0000000	0.5725546	0.1072312	0.0006391	0.4606430	0.3399773	0.5310330	0.9994163
800	0.3202555	0.1531208	0.1816269	0.9711099	0.6222459	1.0000000	0.5731101	0.1034281	0.0004692	0.4606430	0.3397739	0.5229347	0.9994163
850	0.3202555	0.1531337	0.1816286	0.9710960	0.6222459	1.0000000	0.5732219	0.1018192	0.0003831	0.4606430	0.3397345	0.5197744	0.9994163
900	0.3202555	0.1531400	0.1816295	0.9710898	0.6222459	1.0000000	0.5732440	0.1011704	0.0003421	0.4606430	0.3397269	0.5185816	0.9994163
950	0.3202555	0.1531430	0.1816299	0.9710871	0.6222459	1.0000000	0.5732484	0.1009173	0.0003234	0.4606430	0.3397254	0.5181416	0.9994163
1000	0.3202555	0.1531444	0.1816302	0.9710859	0.6222459	1.0000000	0.5732492	0.1008209	0.0003151	0.4606430	0.3397252	0.5179820	0.9994163

0	0.3202464	0.1531039	0.1816261	0.9711325	0.6221525	1.0000000	0.5732493	0.1007873	0.0003133	0.4606431	0.3396503	0.5176798	0.9994168
50	0.2868253	0.1571149	0.1831034	0.9686305	0.6080823	0.7816536	0.5830575	0.0690073	0.0003070	0.3258676	0.5065792	0.6633453	0.9182940
100	0.2568552	0.1877864	0.1934442	0.9385542	0.5164235	0.5164044	0.6565101	0.0339443	0.0007601	0.2539007	0.5245635	0.8209191	0.8605204
150	0.2640401	0.2689477	0.2168522	0.8297950	0.3724306	0.3526200	0.7889359	0.0147456	0.0059464	0.2635570	0.5128427	0.9035426	0.8405069
200	0.3477526	0.4244290	0.2611662	0.6471763	0.2502439	0.2675051	0.8961928	0.0060237	0.0331211	0.2855368	0.5085747	0.9389514	0.8344594
250	0.4881891	0.6286984	0.3634897	0.4735636	0.1786755	0.2264585	0.9175593	0.0023962	0.0952863	0.2992893	0.5077657	0.9529087	0.8316294
300	0.6138292	0.7983949	0.5316957	0.3660547	0.1473539	0.2074167	0.7489396	0.0009687	0.1679367	0.3058367	0.5081139	0.9583445	0.8241275
350	0.6969692	0.8964009	0.6810490	0.3251634	0.1377398	0.1987748	0.6139488	0.0004392	0.2244540	0.3086511	0.5088296	0.9605809	0.8048604
400	0.7442160	0.9404819	0.7693460	0.3223429	0.1371171	0.1949035	0.5646018	0.0002590	0.2597175	0.3098148	0.5094733	0.9615942	0.7771341
450	0.7689123	0.9561190	0.8111289	0.3323618	0.1391693	0.1931830	0.5505035	0.0002042	0.2792111	0.3102895	0.5098687	0.9620965	0.7507725
500	0.7811993	0.9594079	0.8280971	0.3428350	0.1413939	0.1924222	0.5467878	0.0001898	0.2892562	0.3104827	0.5100509	0.9623575	0.7314935
550	0.7783689	0.9456716	0.8295280	0.4115536	0.1696779	0.4104332	0.5319741	0.0395096	0.2486647	0.6038709	0.2537649	0.8238354	0.7854103
600	0.5851337	0.8075764	0.8010331	0.6220893	0.3095766	0.6755348	0.4232324	0.0627482	0.1264286	0.7802143	0.3297823	0.6655968	0.8550021
650	0.3898421	0.5478029	0.6772240	0.7953661	0.4546507	0.8392543	0.3032760	0.0693900	0.0527007	0.7386689	0.4053700	0.5928089	0.9363184
700	0.2881519	0.3456799	0.4558837	0.8951934	0.5262055	0.9243408	0.4097905	0.0770085	0.0204996	0.6374464	0.3099270	0.5585386	0.9785523
750	0.2609902	0.2372596	0.2923960	0.9445080	0.5433767	0.9653749	0.5322922	0.0823081	0.0078103	0.5573266	0.2181284	0.5227110	0.9934939
800	0.2687305	0.1874163	0.2196472	0.9652624	0.5473910	0.9844112	0.5684383	0.0857415	0.0030192	0.5093867	0.1928638	0.4815784	0.9980453
850	0.2849515	0.1661861	0.1938701	0.9718690	0.5573691	0.9930507	0.5746421	0.0894520	0.0012497	0.4840887	0.2120751	0.4544363	0.9993122
900	0.2988714	0.1576804	0.1855254	0.9729134	0.5727021	0.9969209	0.5746644	0.0931378	0.0006098	0.4716003	0.2474526	0.4509727	0.9996021
950	0.3082445	0.1545182	0.1828827	0.9724539	0.5881222	0.9986409	0.5740431	0.0960937	0.0003876	0.4656701	0.2808432	0.4630615	0.9996134
1000	0.3138430	0.1534588	0.1820369	0.9718825	0.6004948	0.9994015	0.5736338	0.0981094	0.0003173	0.4629213	0.3052901	0.4792910	0.9995598

0	0.3202464	0.1531039	0.1816261	0.9711325	0.6221525	1.0000000	0.5732493	0.1007873	0.0003133	0.4606431	0.3396503	0.5176798	0.9994168
50	0.3237720	0.1530837	0.1816275	0.9723274	0.6223462	1.0000000	0.5732494	0.1035011	0.0003164	0.3314943	0.6006415	0.5259673	0.9994131
100	0.3376353	0.1528858	0.1816254	0.9737337	0.6249694	1.0000000	0.5732494	0.1192119	0.0003672	0.2273031	0.7265025	0.5498609	0.9993548
150	0.3510805	0.1526194	0.1816166	0.9745756	0.6319430	1.0000000	0.5732494	0.1415894	0.0005303	0.1862287	0.7659729	0.5697367	0.9991965
200	0.3594352	0.1524050	0.1816045	0.9750059	0.6406276	1.0000000	0.5732494	0.1599568	0.0008436	0.1724738	0.7836782	0.5815965	0.9989947
250	0.3637594	0.1522685	0.1815934	0.9752123	0.6481064	1.0000000	0.5732494	0.1713958	0.0012477	0.1681502	0.7930827	0.5879490	0.9988219
300	0.3657987	0.1521921	0.1815855	0.9753081	0.6533482	1.0000000	0.5732494	0.1774730	0.0016309	0.1668294	0.7979543	0.5912237	0.9987058
350	0.3667094	0.1521525	0.1815807	0.9753516	0.6565819	1.0000000	0.5732494	0.1803920	0.0019216	0.1664315	0.8003252	0.5928787	0.9986390
400	0.3671021	0.1521330	0.1815779	0.9753711	0.6584134	1.0000000	0.5732494	0.1817012	0.0021097	0.1663123	0.8014186	0.5936999	0.9986044
450	0.3672674	0.1521237	0.1815765	0.9753798	0.6593899	1.0000000	0.5732494	0.1822603	0.0022181	0.1662766	0.8019029	0.5940991	0.9985877
500	0.3673358	0.1521194	0.1815757	0.9753835	0.6598877	1.0000000	0.5732494	0.1824906	0.0022757	0.1662660	0.8021111	0.5942890	0.9985800
550	0.3667998	0.1521579	0.1815756	0.9741638	0.6601178	1.0000000	0.5732494	0.1782633	0.0022696	0.2954090	0.5930780	0.5924133	0.9985775
600	0.3612206	0.1523641	0.1815786	0.9727457	0.6596909	1.0000000	0.5732494	0.1581914	0.0020037	0.3995970	0.4926831	0.5827429	0.9986043
650	0.3497709	0.1526349	0.1815879	0.9718984	0.6569491	1.0000000	0.5732494	0.1349784	0.0014996	0.4406701	0.4532817	0.5704496	0.9987234
700	0.3381574	0.1528522	0.1816003	0.9714658	0.6511042	1.0000000	0.5732494	0.1184906	0.0010184	0.4544246	0.4194693	0.5595255	0.9989182
750	0.3298711	0.1529907	0.1816116	0.9712586	0.6435975	1.0000000	0.5732494	0.1091459	0.0006887	0.4587485	0.3892258	0.5497252	0.9991070
800	0.3250069	0.1530683	0.1816196	0.9711627	0.6364847	1.0000000	0.5732494	0.1044846	0.0004989	0.4600700	0.3672853	0.5407402	0.9992435
850	0.3224708	0.1531085	0.1816247	0.9711192	0.6309641	1.0000000	0.5732494	0.1023418	0.0003998	0.4604691	0.3538485	0.5330711	0.9993267
900	0.3212465	0.1531283	0.1816275	0.9710999	0.6272320	1.0000000	0.5732494	0.1014107	0.0003510	0.4605895	0.3465303	0.5272297	0.9993723
950	0.3206857	0.1531377	0.1816290	0.9710914	0.6249474	1.0000000	0.5732494	0.1010222	0.0003279	0.4606260	0.3428568	0.5232535	0.9993956
1000	0.3204382	0.1531420	0.1816297	0.9710877	0.6236481	1.0000000	0.5732494	0.1008650	0.0003173	0.4606374	0.3411172	0.5207949	0.9994068

0	0.3202464	0.1531039	0.1816261	0.9711325	0.6221525	1.0000000	0.5732493	0.1007873	0.0003133	0.4606431	0.3396503	0.5176798	0.9994168
50	0.3202292	0.1535535	0.1050625	0.9686333	0.6210556	0.9755570	0.5741576	0.1007518	0.0002073	0.4630603	0.6004299	0.5260974	0.6104678
100	0.3195605	0.1568020	0.0537432	0.9449763	0.6141243	0.9458633	0.5786956	0.1002499	0.0001123	0.4760499	0.6898100	0.5491531	0.3328431
150	0.3169905	0.1660210	0.0380031	0.8851495	0.6028198	0.9275283	0.5845427	0.0985243	0.0000711	0.4939886	0.6922915	0.5662333	0.2363590
200	0.3125421	0.1846166	0.0346567	0.8119975	0.5909402	0.9180000	0.5891461	0.0958109	0.0000569	0.5090416	0.6868414	0.5743974	0.2075678
250	0.3074433	0.2111596	0.0352538	0.7561215	0.5803357	0.9134050	0.5920016	0.0929660	0.0000528	0.5189617	0.6837518	0.5773600	0.1994350
300	0.3028938	0.2381135	0.0377372	0.7270007	0.5714953	0.9112733	0.5935511	0.0906181	0.0000519	0.5246595	0.6822766	0.5780670	0.1971934
350	0.2994571	0.2574777	0.0413038	0.7208774	0.5644762	0.9103059	0.5943270	0.0889581	0.0000519	0.5276643	0.6815158	0.5779793	0.1965854
400	0.2971477	0.2658073	0.0447001	0.7296209	0.5591905	0.9098725	0.5946967	0.0879035	0.0000520	0.5291630	0.6810861	0.5776949	0.1964238
450	0.2957229	0.2648111	0.0466744	0.7440874	0.5554316	0.9096799	0.5948675	0.0872836	0.0000520	0.5298830	0.6808348	0.5774240	0.1963825
500	0.2948986	0.2589309	0.0469226	0.7568867	0.5529048	0.9095948	0.5949449	0.0869397	0.0000521	0.5302201	0.6806890	0.5772213	0.1963729
550	0.2944727	0.2506951	0.1234072	0.7867745	0.5525875	0.9340003	0.5937961	0.0867762	0.0001378	0.5277154	0.3156779	0.5707323	0.5854137
600	0.2951058	0.2313366	0.1732413	0.8528924	0.5592261	0.9636774	0.5884399	0.0871452	0.0002062	0.5139501	0.2026607	0.5301904	0.8631058
650	0.2981266	0.2048044	0.1858993	0.9067059	0.5706846	0.9820051	0.5823375	0.0887255	0.0002294	0.4956406	0.2246896	0.4855481	0.9596088
700	0.3030558	0.1828716	0.1863260	0.9388689	0.5828043	0.9915302	0.5780471	0.0913258	0.0002380	0.4808225	0.2580795	0.4701683	0.9883915
750	0.3082762	0.1688381	0.1845830	0.9557542	0.5935943	0.9961238	0.5756069	0.0941415	0.0002472	0.4713328	0.2840648	0.4745700	0.9964990
800	0.3126119	0.1609887	0.1832014	0.9640230	0.6024021	0.9982549	0.5743600	0.0965259	0.0002593	0.4659956	0.3032479	0.4850368	0.9987074
850	0.3157001	0.1569236	0.1824087	0.9679036	0.6091207	0.9992220	0.5737593	0.0982442	0.0002725	0.4632224	0.3169546	0.4951565	0.9992823
900	0.3176816	0.1549178	0.1820026	0.9696746	0.6139331	0.9996553	0.5734798	0.0993506	0.0002842	0.4618534	0.3261978	0.5030557	0.9994163
950	0.3188612	0.1539602	0.1818048	0.9704674	0.6171859	0.9998479	0.5733524	0.1000070	0.0002933	0.4612006	0.3320429	0.5086355	0.9994374
1000	0.3195253	0.1535141	0.1817110	0.9708174	0.6192735	0.9999330	0.5732952	0.1003732	0.0002995	0.4608965	0.3355286	0.5123327	0.9994337

0	0.3202464	0.1531039	0.1816261	0.9711325	0.6221525	1.0000000	0.5732493	0.1007873	0.0003133	0.4606431	0.3396503	0.5176798	0.9994168
50	0.3202518	0.1531246	0.1816277	0.9711065	0.7134071	1.0000000	0.5732494	0.1007724	0.0003106	0.4606399	0.3396941	0.5177903	0.9994165
100	0.3202549	0.1531355	0.1816289	0.9710945	0.8095555	1.0000000	0.5732494	0.1007675	0.0003096	0.4606280	0.3397129	0.5178453	0.9994164
150	0.3202580	0.1531408	0.1816296	0.9710892	0.8610748	1.0000000	0.5732494	0.1007668	0.0003092	0.4606173	0.3397233	0.5178717	0.9994163
200	0.3202612	0.1531434	0.1816300	0.9710868	0.8846936	1.0000000	0.5732494	0.1007678	0.0003090	0.4606111	0.3397324	0.5178847	0.9994163
250	0.3202639	0.1531446	0.1816302	0.9710858	0.8948937	1.0000000	0.5732494	0.1007690	0.0003090	0.4606080	0.3397408	0.5178919	0.9994162
300	0.3202658	0.1531451	0.1816303	0.9710854	0.8991834	1.0000000	0.5732494	0.1007699	0.0003090	0.4606066	0.3397477	0.5178966	0.9994162
350	0.3202669	0.1531453	0.1816304	0.9710852	0.9009650	1.0000000	0.5732494	0.1007705	0.0003090	0.4606060	0.3397526	0.5179000	0.9994162
400	0.3202676	0.1531455	0.1816304	0.9710851	0.9017004	1.0000000	0.5732494	0.1007708	0.0003090	0.4606058	0.3397558	0.5179025	0.9994162
450	0.3202679	0.1531455	0.1816304	0.9710851	0.9020031	1.0000000	0.5732494	0.1007710	0.0003090	0.4606057	0.3397576	0.5179042	0.9994162
500	0.3202681	0.1531455	0.1816304	0.9710850	0.9021275	1.0000000	0.5732494	0.1007711	0.0003090	0.4606056	0.3397586	0.5179053	0.9994161
550	0.3202682	0.1531455	0.1816304	0.9710850	0.8109765	1.0000000	0.5732494	0.1007711	0.0003090	0.4606064	0.3397591	0.5179060	0.9994161
600	0.3202679	0.1531455	0.1816304	0.9710850	0.7148763	1.0000000	0.5732494	0.1007710	0.0003090	0.4606113	0.3397592	0.5179064	0.9994161
650	0.3202670	0.1531455	0.1816304	0.9710850	0.6633780	1.0000000	0.5732494	0.1007704	0.0003090	0.4606199	0.3397583	0.5179066	0.9994161
700	0.3202650	0.1531455	0.1816304	0.9710850	0.6397680	1.0000000	0.5732494	0.1007692	0.0003090	0.4606286	0.3397553	0.5179063	0.9994162
750	0.3202626	0.1531455	0.1816304	0.9710850	0.6295710	1.0000000	0.5732494	0.1007678	0.0003089	0.4606351	0.3397502	0.5179055	0.9994162
800	0.3202603	0.1531455	0.1816304	0.9710850	0.6252817	1.0000000	0.5732494	0.1007665	0.0003089	0.4606390	0.3397439	0.5179039	0.9994162
850	0.3202585	0.1531455	0.1816304	0.9710850	0.6234995	1.0000000	0.5732494	0.1007655	0.0003089	0.4606411	0.3397380	0.5179019	0.9994162
900	0.3202572	0.1531455	0.1816304	0.9710850	0.6227630	1.0000000	0.5732494	0.1007648	0.0003089	0.4606421	0.3397333	0.5178997	0.9994163
950	0.3202564	0.1531455	0.1816304	0.9710850	0.6224593	1.0000000	0.5732494	0.1007643	0.0003089	0.4606426	0.3397300	0.5178978	0.9994163
1000	0.3202560	0.1531455	0.1816304	0.9710850	0.6223340	1.0000000	0.5732494	0.1007641	0.0003089	0.4606428	0.3397278	0.5178962	0.9994163

0	0.3202464	0.1531039	0.1816261	0.9711325	0.6221525	1.0000000	0.5732493	0.1007873	0.0003133	0.4606431	0.3396503	0.5176798	0.9994168
50	0.2253610	0.1531246	0.1816277	0.9711065	0.6133639	1.0000000	0.5732494	0.1039016	0.0003172	0.3143178	0.3047968	0.6261765	0.9995333
100	0.1165236	0.1531355	0.1816289	0.9710945	0.5499595	1.0000000	0.5732494	0.1222030	0.0003769	0.1962710	0.1765666	0.7235358	0.9998027
150	0.0538893	0.1531408	0.1816296	0.9710892	0.4268779	1.0000000	0.5732494	0.1484409	0.0005796	0.1497429	0.1137689	0.7296684	0.9999370
200	0.0237556	0.1531434	0.1816300	0.9710868	0.2896203	1.0000000	0.5732494	0.1699123	0.0009906	0.1342023	0.0974273	0.6902282	0.9999817
250	0.0103783	0.1531446	0.1816302	0.9710858	0.1795051	1.0000000	0.5732494	0.1831950	0.0015390	0.1295471	0.0939656	0.6533318	0.9999949
300	0.0046934	0.1531451	0.1816303	0.9710854	0.1080415	1.0000000	0.5732494	0.1901421	0.0020681	0.1295876	0.0932780	0.6315939	0.9999986
350	0.0023400	0.1531453	0.1816304	0.9710852	0.0676245	1.0000000	0.5732494	0.1930331	0.0024676	0.1374944	0.0931440	0.6211515	0.9999996
400	0.0013815	0.1531455	0.1816304	0.9710851	0.0467308	1.0000000	0.5732494	0.1923549	0.0026952	0.1635987	0.0931180	0.6166652	0.9999999
450	0.0009948	0.1531455	0.1816304	0.9710851	0.0365486	1.0000000	0.5732494	0.1869889	0.0027207	0.2027513	0.0931130	0.6148638	1.0000000
500	0.0008386	0.1531455	0.1816304	0.9710850	0.0317748	1.0000000	0.5732494	0.1776721	0.0025336	0.2356219	0.0931120	0.6141713	1.0000000
550	0.1042048	0.1531455	0.1816304	0.9710850	0.0564318	1.0000000	0.5732494	0.1599827	0.0021437	0.5268325	0.0717568	0.4962862	1.0000000
600	0.1964738	0.1531455	0.1816304	0.9710850	0.1906633	1.0000000	0.5732494	0.1254834	0.0014929	0.5798520	0.0734652	0.3583828	0.9999969
650	0.2425505	0.1531455	0.1816304	0.9710850	0.3417785	1.0000000	0.5732494	0.1024725	0.0009042	0.5143600	0.1123694	0.2987059	0.9999717
700	0.2737835	0.1531455	0.1816304	0.9710850	0.4511927	1.0000000	0.5732494	0.0953645	0.0005487	0.4796257	0.1684457	0.3146927	0.9999086
750	0.2949141	0.1531455	0.1816304	0.9710850	0.5213557	1.0000000	0.5732494	0.0956526	0.0003799	0.4668034	0.2256808	0.3653863	0.9998075
800	0.3074866	0.1531455	0.1816304	0.9710850	0.5645792	1.0000000	0.5732494	0.0975489	0.0003151	0.4625761	0.2722330	0.4176353	0.9996899
850	0.3141935	0.1531455	0.1816304	0.9710850	0.5903674	1.0000000	0.5732494	0.0990691	0.0002973	0.4612440	0.3034813	0.4576639	0.9995857
900	0.3175012	0.1531455	0.1816304	0.9710850	0.6052002	1.0000000	0.5732494	0.0999567	0.0002968	0.4608311	0.3216523	0.4839917	0.9995111
950	0.3190440	0.1531455	0.1816304	0.9710850	0.6134111	1.0000000	0.5732494	0.1004039	0.0003005	0.4607031	0.3311968	0.4997390	0.9994652
1000	0.3197352	0.1531455	0.1816304	0.9710850	0.6177933	1.0000000	0.5732494	0.1006104	0.0003040	0.4606629	0.3358622	0.5085551	0.9994401

0	0.3202464	0.1531039	0.1816261	0.9711325	0.6221525	1.0000000	0.5732493	0.1007873	0.0003133	0.4606431	0.3396503	0.5176798	0.9994168
50	0.3201372	0.1231562	0.1821921	0.9698057	0.6758580	0.8703883	0.5785748	0.1006615	0.0003221	0.4739264	0.3143887	0.6549584	0.9994169
100	0.3163769	0.1108838	0.1862715	0.9584483	0.7138151	0.7129349	0.6118532	0.0979662	0.0004286	0.5492808	0.2206253	0.7926568	0.9994247
150	0.3003206	0.1257850	0.1935516	0.9305647	0.7070719	0.6157116	0.6677823	0.0890632	0.0007339	0.6562377	0.1393965	0.8449066	0.9994774
200	0.2711024	0.1537948	0.2011947	0.8916483	0.6791123	0.5651868	0.7214177	0.0763557	0.0012281	0.7444963	0.0955095	0.8386397	0.9996059
250	0.2384394	0.1854532	0.2076697	0.8535253	0.6473111	0.5408213	0.7587498	0.0644978	0.0017675	0.8003215	0.0752764	0.8086857	0.9997591
300	0.2111749	0.2148976	0.2130668	0.8242046	0.6192684	0.5295180	0.7802551	0.0557571	0.0022129	0.8309501	0.0665215	0.7781648	0.9998731
350	0.1921142	0.2386025	0.2179062	0.8054612	0.5973633	0.5243881	0.7913430	0.0501643	0.0025165	0.8464586	0.0628355	0.7559638	0.9999370
400	0.1802033	0.2552921	0.2223018	0.7954853	0.5816116	0.5220901	0.7966997	0.0468980	0.0026982	0.8539457	0.0612761	0.7423718	0.9999676
450	0.1732993	0.2655254	0.2259690	0.7914483	0.5710129	0.5210688	0.7991899	0.0451064	0.0027977	0.8574545	0.0605952	0.7348623	0.9999813
500	0.1695050	0.2708427	0.2286285	0.7907759	0.5642685	0.5206172	0.8003213	0.0441674	0.0028490	0.8590670	0.0602848	0.7309643	0.9999873
550	0.1659390	0.3051382	0.2298753	0.8017740	0.4415992	0.6500298	0.7837385	0.0437074	0.0025666	0.8465383	0.0604999	0.5531517	0.9999900
600	0.1632475	0.2917936	0.2263097	0.8474176	0.3447101	0.8073956	0.7130369	0.0446084	0.0016019	0.7706160	0.0627290	0.3692795	0.9999916
650	0.1756591	0.2463463	0.2142656	0.8969539	0.3326795	0.9045804	0.6454825	0.0493691	0.0008399	0.6635246	0.0679006	0.2780668	0.9999919
700	0.2051288	0.2064225	0.2005157	0.9314252	0.3677636	0.9550883	0.6065807	0.0584540	0.0004414	0.5760839	0.0805248	0.2480344	0.9999867
750	0.2401520	0.1810394	0.1910801	0.9512349	0.4231241	0.9794463	0.5880286	0.0696111	0.0002681	0.5208437	0.1096981	0.2568914	0.9999656
800	0.2700212	0.1670337	0.1860314	0.9615321	0.4804641	0.9907464	0.5797436	0.0800228	0.0002087	0.4903622	0.1578161	0.2961720	0.9999125
850	0.2910375	0.1598510	0.1836240	0.9665904	0.5286403	0.9958748	0.5761051	0.0880648	0.0002039	0.4748024	0.2128656	0.3522714	0.9998227
900	0.3041628	0.1563189	0.1825279	0.9689976	0.5639904	0.9981722	0.5745075	0.0934930	0.0002223	0.4672309	0.2602096	0.4068746	0.9997143
950	0.3117430	0.1546269	0.1820351	0.9701233	0.5876298	0.9991932	0.5738042	0.0968152	0.0002467	0.4636589	0.2937100	0.4492188	0.9996136
1000	0.3158896	0.1538303	0.1818134	0.9706445	0.6024239	0.9996447	0.5734940	0.0987067	0.0002684	0.4620083	0.3145803	0.4777674	0.9995363

0	0.3202464	0.1531039	0.1816261	0.9711325	0.6221525	1.0000000	0.5732493	0.1007873	0.0003133	0.4606431	0.3396503	0.5176798	0.9994168
50	0.3219731	0.1531246	0.1816277	0.9711065	0.6222146	1.0000000	0.3022333	0.1067693	0.0002060	0.3500013	0.7128416	0.6682477	0.9994161
100	0.3329715	0.1531355	0.1816289	0.9710945	0.6239045	1.0000000	0.1350319	0.1445134	0.0001088	0.2607407	0.8855278	0.8328783	0.9993788
150	0.3448646	0.1531408	0.1816296	0.9710892	0.6293798	1.0000000	0.0875452	0.2006342	0.0000646	0.2255523	0.9267016	0.9209637	0.9992596
200	0.3527200	0.1531434	0.1816300	0.9710868	0.6368088	1.0000000	0.0763789	0.2465125	0.0000479	0.2137684	0.9373652	0.9598575	0.9990980
250	0.3569623	0.1531446	0.1816302	0.9710858	0.6435518	1.0000000	0.0739632	0.2744625	0.0000425	0.2100641	0.9409969	0.9755959	0.9989539
300	0.3590274	0.1531451	0.1816303	0.9710854	0.6484582	1.0000000	0.0734636	0.2889239	0.0000413	0.2089324	0.9425295	0.9816722	0.9988538
350	0.3599723	0.1531453	0.1816304	0.9710852	0.6515731	1.0000000	0.0733630	0.2956913	0.0000413	0.2085913	0.9432268	0.9839560	0.9987945
400	0.3603875	0.1531455	0.1816304	0.9710851	0.6533781	1.0000000	0.0733431	0.2986545	0.0000415	0.2084891	0.9435441	0.9848014	0.9987631
450	0.3605650	0.1531455	0.1816304	0.9710851	0.6543586	1.0000000	0.0733392	0.2998930	0.0000417	0.2084585	0.9436855	0.9851120	0.9987477
500	0.3606393	0.1531455	0.1816304	0.9710850	0.6548663	1.0000000	0.0733385	0.3003935	0.0000419	0.2084493	0.9437469	0.9852257	0.9987405
550	0.3614302	0.1531455	0.1816304	0.9710850	0.6552062	1.0000000	0.3443544	0.2859797	0.0046425	0.3190864	0.6347059	0.8538113	0.9987330
600	0.3570119	0.1531455	0.1816304	0.9710850	0.6552849	1.0000000	0.5115532	0.2282540	0.0069451	0.4083444	0.4909818	0.7069753	0.9987366
650	0.3466460	0.1531455	0.1816304	0.9710850	0.6532129	1.0000000	0.5590360	0.1710997	0.0053088	0.4435318	0.4442514	0.6216281	0.9988242
700	0.3361662	0.1531455	0.1816304	0.9710850	0.6480932	1.0000000	0.5702049	0.1348734	0.0031112	0.4553153	0.4114689	0.5782758	0.9989861
750	0.3287592	0.1531455	0.1816304	0.9710850	0.6413529	1.0000000	0.5726232	0.1160225	0.0016708	0.4590196	0.3838248	0.5554883	0.9991475
800	0.3244420	0.1531455	0.1816304	0.9710850	0.6349546	1.0000000	0.5731237	0.1072289	0.0009247	0.4601518	0.3641393	0.5418184	0.9992656
850	0.3222021	0.1531455	0.1816304	0.9710850	0.6300044	1.0000000	0.5732246	0.1033998	0.0005768	0.4604938	0.3521885	0.5327518	0.9993379
900	0.3211246	0.1531455	0.1816304	0.9710850	0.6266711	1.0000000	0.5732446	0.1018087	0.0004229	0.4605970	0.3457138	0.5266884	0.9993778
950	0.3206323	0.1531455	0.1816304	0.9710850	0.6246380	1.0000000	0.5732485	0.1011693	0.0003567	0.4606284	0.3424752	0.5228278	0.9993981
1000	0.3204154	0.1531455	0.1816304	0.9710850	0.6234851	1.0000000	0.5732492	0.1009187	0.0003287	0.4606381	0.3409456	0.5205258	0.9994080

0	0.3202464	0.1531039	0.1816261	0.9711325	0.6221525	1.0000000	0.5732493	0.1007873	0.0003133	0.4606431	0.3396503	0.5176798	0.9994168
50	0.3202203	0.1135558	0.0933974	0.9679813	0.6205951	0.9658552	0.4860211	0.1010014	0.1612315	0.4640315	0.3128536	0.5172617	0.7105064
100	0.3192773	0.0851711	0.0333863	0.9302869	0.6107969	0.9243758	0.2562334	0.1081437	0.3115761	0.4823614	0.2263923	0.5077793	0.5042881
150	0.3155984	0.0847236	0.0141230	0.7990809	0.5946886	0.8987634	0.1746443	0.1234597	0.3822886	0.5078621	0.1610134	0.4779278	0.4326242
200	0.3091210	0.1185030	0.0090583	0.6007304	0.5776131	0.8854532	0.1581198	0.1352702	0.4109115	0.5293834	0.1286461	0.4338588	0.4112499
250	0.3015910	0.2045208	0.0084607	0.4301881	0.5622101	0.8790344	0.1571498	0.1400192	0.4219129	0.5436214	0.1131054	0.3908348	0.4052272
300	0.2948024	0.3278912	0.0132039	0.3338723	0.5491983	0.8760566	0.1584063	0.1403656	0.4260512	0.5518201	0.1045807	0.3572473	0.4035818
350	0.2896372	0.4246978	0.0317985	0.3503751	0.5387147	0.8747052	0.1593794	0.1391443	0.4275815	0.5561512	0.0993536	0.3335996	0.4031472
400	0.2861488	0.4300251	0.0567269	0.4807095	0.5307093	0.8740998	0.1599099	0.1378075	0.4281327	0.5583141	0.0960594	0.3175979	0.4030396
450	0.2839889	0.3464853	0.0588564	0.6243230	0.5249475	0.8738308	0.1601680	0.1368156	0.4283224	0.5593543	0.0940293	0.3069733	0.4030172
500	0.2827359	0.2510616	0.0395508	0.7048846	0.5210363	0.8737118	0.1602875	0.1361916	0.4283825	0.5598420	0.0928254	0.3000626	0.4030152
550	0.2820842	0.2470386	0.1152809	0.7429695	0.5204110	0.9078041	0.1585295	0.1358811	0.2674755	0.5562263	0.1027306	0.2967605	0.6920176
600	0.2830385	0.2454657	0.1714191	0.8224715	0.5299482	0.9492605	0.1524261	0.1367853	0.1171329	0.5364191	0.1457465	0.3113070	0.8983028
650	0.2876159	0.2188106	0.1874172	0.8894049	0.5465201	0.9748627	0.2169977	0.1396762	0.0464783	0.5102130	0.1933521	0.3508926	0.9699877
700	0.2950335	0.1918155	0.1881440	0.9299977	0.5641835	0.9881685	0.4283930	0.1361358	0.0179882	0.4891251	0.2319986	0.3963931	0.9913588
750	0.3028098	0.1736711	0.1857479	0.9514858	0.5800573	0.9945854	0.5355287	0.1235314	0.0070808	0.4756880	0.2632918	0.4342979	0.9973626
800	0.3091993	0.1633981	0.1838046	0.9620544	0.5930902	0.9975622	0.5653267	0.1120786	0.0029314	0.4681601	0.2884605	0.4622148	0.9989784
850	0.3137060	0.1580721	0.1826942	0.9670209	0.6030362	0.9989133	0.5719309	0.1054085	0.0013332	0.4642599	0.3073900	0.4818209	0.9993801
900	0.3165737	0.1554499	0.1821328	0.9692861	0.6101362	0.9995185	0.5731535	0.1023494	0.0007097	0.4623385	0.3204525	0.4951947	0.9994580
950	0.3182694	0.1542020	0.1818633	0.9702986	0.6149097	0.9997875	0.5733095	0.1011740	0.0004647	0.4614235	0.3287817	0.5040416	0.9994575
1000	0.3192189	0.1536223	0.1817371	0.9707446	0.6179556	0.9999064	0.5732968	0.1007998	0.0003686	0.4609977	0.3337567	0.5096961	0.9994440

0	0.3202464	0.1531039	0.1816261	0.9711325	0.6221525	1.0000000	0.5732493	0.1007873	0.0003133	0.4606431	0.3396503	0.5176798	0.9994168
50	0.3222851	0.0889637	0.1824354	0.9791678	0.6164466	0.8092074	0.5815825	0.1020836	0.0002083	0.4035182	0.3038865	0.5169815	0.9994151
100	0.3302723	0.0399971	0.1895328	0.9882710	0.5590607	0.5774309	0.6408165	0.1059718	0.0001778	0.4274513	0.1869018	0.5024048	0.9993866
150	0.3394261	0.0243503	0.2042018	0.9929756	0.4557165	0.4343150	0.7486074	0.1023569	0.0005520	0.5141279	0.1070768	0.4525392	0.9993129
200	0.3571422	0.0228491	0.2216027	0.9943261	0.3519849	0.3599410	0.8460549	0.0904105	0.0019193	0.5867222	0.0760852	0.3766745	0.9991863
250	0.3905503	0.0253398	0.2366398	0.9940944	0.2766893	0.3240742	0.9046527	0.0774075	0.0044870	0.6283273	0.0667535	0.3083634	0.9988609
300	0.4299436	0.0280011	0.2470688	0.9934572	0.2335673	0.3074354	0.9333075	0.0676404	0.0075112	0.6485909	0.0648256	0.2650590	0.9980508
350	0.4633867	0.0298564	0.2532652	0.9928969	0.2139766	0.2998840	0.9460646	0.0615697	0.0100996	0.6577735	0.0653401	0.2442402	0.9965630
400	0.4866767	0.0309446	0.2565770	0.9925177	0.2077395	0.2965013	0.9514609	0.0581952	0.0118986	0.6618137	0.0665533	0.2373883	0.9945720
450	0.5010188	0.0315247	0.2582263	0.9922910	0.2075486	0.2949979	0.9536204	0.0564501	0.0129907	0.6635718	0.0677392	0.2373893	0.9925376
500	0.5091659	0.0318162	0.2590104	0.9921647	0.2093419	0.2943331	0.9544214	0.0555921	0.0135967	0.6643332	0.0686307	0.2398883	0.9908541
550	0.4763666	0.1875758	0.2514263	0.8498126	0.2216158	0.4848326	0.9322741	0.0539019	0.0216509	0.7902912	0.0803074	0.2449814	0.9899387
600	0.3549185	0.2786855	0.2305260	0.8097143	0.3033040	0.7164801	0.8163010	0.0492155	0.0135402	0.8229956	0.1385019	0.2743464	0.9929840
650	0.2607651	0.2689508	0.2176476	0.8565954	0.3926111	0.8595393	0.6974396	0.0476671	0.0061769	0.7310056	0.1546980	0.3270842	0.9969962
700	0.2282938	0.2293151	0.2058418	0.9053309	0.4427879	0.9338885	0.6287048	0.0527554	0.0025748	0.6232165	0.1331821	0.3577588	0.9989632
750	0.2376404	0.1959541	0.1952603	0.9369977	0.4710946	0.9697443	0.5969263	0.0628444	0.0010784	0.5474150	0.1283297	0.3593966	0.9996473
800	0.2613294	0.1752876	0.1884155	0.9544113	0.4996087	0.9863784	0.5833289	0.0741916	0.0005028	0.5038974	0.1522889	0.3591070	0.9998304
850	0.2834011	0.1640656	0.1848034	0.9632059	0.5311556	0.9939276	0.5775844	0.0838865	0.0003009	0.4813353	0.1960162	0.3769699	0.9998271
900	0.2990436	0.1583742	0.1830773	0.9674375	0.5601647	0.9973095	0.5751330	0.0908448	0.0002464	0.4702875	0.2428515	0.4095533	0.9997497
950	0.3087145	0.1556001	0.1822855	0.9694174	0.5827872	0.9988124	0.5740734	0.0952756	0.0002464	0.4650617	0.2806744	0.4438079	0.9996529
1000	0.3142235	0.1542820	0.1819268	0.9703288	0.5984955	0.9994771	0.5736111	0.0978659	0.0002621	0.4626440	0.3062776	0.4713740	0.9995677
